age,trestbps,thalach,oldpeak,sex_1.0,cp_2.0,cp_3.0,cp_4.0,fbs_1.0,restecg_1.0,restecg_2.0,exang_1.0,slope_2.0,slope_3.0,ca_1.0,ca_2.0,ca_3.0,thal_6.0,thal_7.0
0.594945359326061,1.0209106968459043,0.30768013519333026,1.3201320380786792,-1.4638501094227996,-0.4648444922875286,-0.6059964013243635,1.042212500669477,-0.41803980857497053,-0.11203705304599067,1.033622788243404,-0.6961771158887059,1.0954451150103321,-0.27487370837451075,-0.529550073574993,2.7645717829090897,-0.2660760420950957,-0.24779731389167609,1.2995725793078619
-1.7113188024550545,0.4633381655060064,1.4117517946949019,-0.9007959789242754,0.6831300510639733,-0.4648444922875286,1.6501748159140361,-0.959497222838566,-0.41803980857497053,-0.11203705304599067,1.033622788243404,-0.6961771158887059,-0.9128709291752769,-0.27487370837451075,-0.529550073574993,-0.3617196725301613,-0.2660760420950957,-0.24779731389167609,-0.7694837640638655
-0.06398725832568632,0.01728014043408816,0.396005867953456,-0.9007959789242754,-1.4638501094227996,2.151257068958563,-0.6059964013243635,-0.959497222838566,2.39211668240122,-0.11203705304599067,1.033622788243404,1.436416074555178,-0.9128709291752769,-0.27487370837451075,1.888395545390069,-0.3617196725301613,-0.2660760420950957,-0.24779731389167609,-0.7694837640638655
0.15565694755822945,-0.0942343658338914,0.5726573334737075,-0.9007959789242754,0.6831300510639733,2.151257068958563,-0.6059964013243635,-0.959497222838566,-0.41803980857497053,-0.11203705304599067,1.033622788243404,-0.6961771158887059,-0.9128709291752769,-0.27487370837451075,-0.529550073574993,-0.3617196725301613,-0.2660760420950957,-0.24779731389167609,1.2995725793078619
1.363700079919766,-0.3730206315038403,0.5726573334737075,-0.7299553622317405,0.6831300510639733,-0.4648444922875286,-0.6059964013243635,1.042212500669477,2.39211668240122,-0.11203705304599067,-0.9674709297958262,-0.6961771158887059,1.0954451150103321,-0.27487370837451075,-0.529550073574993,2.7645717829090897,-0.2660760420950957,-0.24779731389167609,1.2995725793078619
0.04583484461627156,-0.0942343658338914,0.21935440243320453,-0.9007959789242754,0.6831300510639733,2.151257068958563,-0.6059964013243635,-0.959497222838566,-0.41803980857497053,-0.11203705304599067,-0.9674709297958262,-0.6961771158887059,-0.9128709291752769,-0.27487370837451075,-0.529550073574993,-0.3617196725301613,-0.2660760420950957,-0.24779731389167609,-0.7694837640638655
-0.8327419789193915,-0.0942343658338914,1.2792631955547134,-0.9007959789242754,0.6831300510639733,-0.4648444922875286,1.6501748159140361,-0.959497222838566,-0.41803980857497053,-0.11203705304599067,-0.9674709297958262,-0.6961771158887059,-0.9128709291752769,-0.27487370837451075,-0.529550073574993,-0.3617196725301613,-0.2660760420950957,-0.24779731389167609,-0.7694837640638655
0.594945359326061,-0.3730206315038403,-0.3989257268876756,1.490972654771214,0.6831300510639733,-0.4648444922875286,-0.6059964013243635,1.042212500669477,-0.41803980857497053,-0.11203705304599067,1.033622788243404,1.436416074555178,1.0954451150103321,-0.27487370837451075,1.888395545390069,-0.3617196725301613,-0.2660760420950957,-0.24779731389167609,1.2995725793078619
0.3753011534421452,-1.766951959853585,-1.23802018810887,-0.04659289546160056,-1.4638501094227996,-0.4648444922875286,-0.6059964013243635,1.042212500669477,-0.41803980857497053,-0.11203705304599067,1.033622788243404,-0.6961771158887059,1.0954451150103321,-0.27487370837451075,-0.529550073574993,-0.3617196725301613,-0.2660760420950957,-0.24779731389167609,-0.7694837640638655
0.4851232563841031,2.1360557595257,-0.4430885932677384,2.003494504848819,0.6831300510639733,-0.4648444922875286,-0.6059964013243635,1.042212500669477,-0.41803980857497053,-0.11203705304599067,1.033622788243404,1.436416074555178,-0.9128709291752769,3.638034375544995,-0.529550073574993,-0.3617196725301613,-0.2660760420950957,-0.24779731389167609,1.2995725793078619
-2.150607214222886,-0.5402923909058097,1.058448863654399,-0.9007959789242754,0.6831300510639733,2.151257068958563,-0.6059964013243635,-0.959497222838566,-0.41803980857497053,-0.11203705304599067,-0.9674709297958262,-0.6961771158887059,-0.9128709291752769,-0.27487370837451075,-0.529550073574993,-0.3617196725301613,-0.2660760420950957,-0.24779731389167609,-0.7694837640638655
-0.28363146420960206,1.1324252031138837,1.2351003291746505,0.12424772123093437,0.6831300510639733,-0.4648444922875286,-0.6059964013243635,-0.959497222838566,2.39211668240122,-0.11203705304599067,-0.9674709297958262,-0.6961771158887059,1.0954451150103321,-0.27487370837451075,-0.529550073574993,-0.3617196725301613,-0.2660760420950957,-0.24779731389167609,1.2995725793078619
0.4851232563841031,1.0209106968459043,0.30768013519333026,0.4659289546160044,0.6831300510639733,-0.4648444922875286,1.6501748159140361,-0.959497222838566,2.39211668240122,-0.11203705304599067,-0.9674709297958262,-0.6961771158887059,-0.9128709291752769,-0.27487370837451075,-0.529550073574993,-0.3617196725301613,-0.2660760420950957,-0.24779731389167609,-0.7694837640638655
1.1440558740358504,0.4633381655060064,0.30768013519333026,-0.21743351215413548,-1.4638501094227996,-0.4648444922875286,1.6501748159140361,-0.959497222838566,2.39211668240122,-0.11203705304599067,1.033622788243404,-0.6961771158887059,-0.9128709291752769,-0.27487370837451075,1.888395545390069,-0.3617196725301613,-0.2660760420950957,-0.24779731389167609,-0.7694837640638655
-1.162208287745265,-0.7633214034417688,-0.04562279584717265,-0.6445350538854729,-1.4638501094227996,-0.4648444922875286,1.6501748159140361,-0.959497222838566,-0.41803980857497053,-0.11203705304599067,-0.9674709297958262,-0.6961771158887059,1.0954451150103321,-0.27487370837451075,1.888395545390069,-0.3617196725301613,-0.2660760420950957,-0.24779731389167609,-0.7694837640638655
0.9244116681519347,-0.0942343658338914,-0.1339485286072984,0.29508833792346933,0.6831300510639733,-0.4648444922875286,-0.6059964013243635,1.042212500669477,-0.41803980857497053,-0.11203705304599067,1.033622788243404,-0.6961771158887059,1.0954451150103321,-0.27487370837451075,1.888395545390069,-0.3617196725301613,-0.2660760420950957,-0.24779731389167609,1.2995725793078619
-0.39345356715155994,-1.766951959853585,-0.31059999412754985,0.12424772123093437,0.6831300510639733,-0.4648444922875286,1.6501748159140361,-0.959497222838566,-0.41803980857497053,-0.11203705304599067,-0.9674709297958262,1.436416074555178,1.0954451150103321,-0.27487370837451075,-0.529550073574993,-0.3617196725301613,-0.2660760420950957,-0.24779731389167609,-0.7694837640638655
0.26547905050018733,0.4633381655060064,-0.08978566222723551,-0.5591147455392055,0.6831300510639733,-0.4648444922875286,-0.6059964013243635,1.042212500669477,-0.41803980857497053,-0.11203705304599067,-0.9674709297958262,-0.6961771158887059,1.0954451150103321,-0.27487370837451075,-0.529550073574993,-0.3617196725301613,-0.2660760420950957,4.035556254807296,-0.7694837640638655
-0.5032756700935178,-0.14999161896788119,0.5726573334737075,-0.9007959789242754,0.6831300510639733,-0.4648444922875286,1.6501748159140361,-0.959497222838566,-0.41803980857497053,-0.11203705304599067,-0.9674709297958262,-0.6961771158887059,-0.9128709291752769,-0.27487370837451075,-0.529550073574993,-0.3617196725301613,-0.2660760420950957,-0.24779731389167609,-0.7694837640638655
-0.39345356715155994,-1.209379428513687,-1.193857321728807,-0.3882741288466705,0.6831300510639733,-0.4648444922875286,1.6501748159140361,-0.959497222838566,-0.41803980857497053,-0.11203705304599067,-0.9674709297958262,-0.6961771158887059,-0.9128709291752769,-0.27487370837451075,-0.529550073574993,-0.3617196725301613,-0.2660760420950957,-0.24779731389167609,-0.7694837640638655
0.26547905050018733,-0.0942343658338914,-1.54716025276931,0.12424772123093437,0.6831300510639733,-0.4648444922875286,-0.6059964013243635,1.042212500669477,-0.41803980857497053,-0.11203705304599067,-0.9674709297958262,1.436416074555178,1.0954451150103321,-0.27487370837451075,1.888395545390069,-0.3617196725301613,-0.2660760420950957,-0.24779731389167609,1.2995725793078619
0.15565694755822945,-0.0942343658338914,-0.3547628605076127,-0.3882741288466705,0.6831300510639733,-0.4648444922875286,1.6501748159140361,-0.959497222838566,2.39211668240122,-0.11203705304599067,1.033622788243404,1.436416074555178,1.0954451150103321,-0.27487370837451075,1.888395545390069,-0.3617196725301613,-0.2660760420950957,4.035556254807296,-0.7694837640638655
0.4851232563841031,-1.209379428513687,-0.3547628605076127,0.12424772123093437,0.6831300510639733,-0.4648444922875286,-0.6059964013243635,1.042212500669477,-0.41803980857497053,-0.11203705304599067,1.033622788243404,1.436416074555178,1.0954451150103321,-0.27487370837451075,1.888395545390069,-0.3617196725301613,-0.2660760420950957,-0.24779731389167609,1.2995725793078619
0.594945359326061,-0.0942343658338914,-0.26643712774748696,0.29508833792346933,0.6831300510639733,-0.4648444922875286,-0.6059964013243635,1.042212500669477,-0.41803980857497053,-0.11203705304599067,-0.9674709297958262,1.436416074555178,-0.9128709291752769,-0.27487370837451075,1.888395545390069,-0.3617196725301613,-0.2660760420950957,-0.24779731389167609,1.2995725793078619
1.0342337710938925,-0.6518068971737893,-2.3862547139905046,0.9784508046936095,0.6831300510639733,-0.4648444922875286,-0.6059964013243635,1.042212500669477,-0.41803980857497053,-0.11203705304599067,1.033622788243404,1.436416074555178,-0.9128709291752769,3.638034375544995,1.888395545390069,-0.3617196725301613,-0.2660760420950957,-0.24779731389167609,-0.7694837640638655
-0.6130977730354757,0.12879464670206772,0.5284944670936446,-0.9007959789242754,-1.4638501094227996,2.151257068958563,-0.6059964013243635,-0.959497222838566,-0.41803980857497053,-0.11203705304599067,-0.9674709297958262,-0.6961771158887059,1.0954451150103321,-0.27487370837451075,-0.529550073574993,-0.3617196725301613,-0.2660760420950957,-0.24779731389167609,-0.7694837640638655
0.594945359326061,0.7421244311759554,-0.3547628605076127,1.490972654771214,0.6831300510639733,-0.4648444922875286,-0.6059964013243635,1.042212500669477,-0.41803980857497053,-0.11203705304599067,1.033622788243404,1.436416074555178,1.0954451150103321,-0.27487370837451075,-0.529550073574993,2.7645717829090897,-0.2660760420950957,-0.24779731389167609,1.2995725793078619
-1.4916745965711387,-1.209379428513687,0.1310286696730788,-0.9007959789242754,0.6831300510639733,2.151257068958563,-0.6059964013243635,-0.959497222838566,-0.41803980857497053,-0.11203705304599067,-0.9674709297958262,-0.6961771158887059,-0.9128709291752769,-0.27487370837451075,-0.529550073574993,-0.3617196725301613,-0.2660760420950957,-0.24779731389167609,-0.7694837640638655
1.583344285803682,0.4633381655060064,0.04270293691295308,0.6367695713085394,-1.4638501094227996,-0.4648444922875286,-0.6059964013243635,-0.959497222838566,-0.41803980857497053,-0.11203705304599067,-0.9674709297958262,-0.6961771158887059,-0.9128709291752769,-0.27487370837451075,-0.529550073574993,2.7645717829090897,-0.2660760420950957,-0.24779731389167609,-0.7694837640638655
-0.7229198759774336,-0.0942343658338914,-0.001459929467109786,-0.9007959789242754,0.6831300510639733,-0.4648444922875286,-0.6059964013243635,1.042212500669477,2.39211668240122,-0.11203705304599067,1.033622788243404,1.436416074555178,-0.9128709291752769,-0.27487370837451075,-0.529550073574993,2.7645717829090897,-0.2660760420950957,-0.24779731389167609,1.2995725793078619
0.3753011534421452,-1.0978649222457075,0.6609830662338332,1.2347117297324117,0.6831300510639733,-0.4648444922875286,1.6501748159140361,-0.959497222838566,-0.41803980857497053,-0.11203705304599067,1.033622788243404,-0.6961771158887059,1.0954451150103321,-0.27487370837451075,1.888395545390069,-0.3617196725301613,-0.2660760420950957,-0.24779731389167609,1.2995725793078619
-0.06398725832568632,-0.6518068971737893,-1.6354859855294357,0.29508833792346933,0.6831300510639733,-0.4648444922875286,-0.6059964013243635,1.042212500669477,-0.41803980857497053,-0.11203705304599067,-0.9674709297958262,-0.6961771158887059,1.0954451150103321,-0.27487370837451075,1.888395545390069,-0.3617196725301613,-0.2660760420950957,-0.24779731389167609,1.2995725793078619
1.1440558740358504,1.5784832281858021,0.04270293691295308,-0.21743351215413548,-1.4638501094227996,-0.4648444922875286,1.6501748159140361,-0.959497222838566,-0.41803980857497053,-0.11203705304599067,1.033622788243404,-0.6961771158887059,-0.9128709291752769,-0.27487370837451075,-0.529550073574993,-0.3617196725301613,-0.2660760420950957,-0.24779731389167609,-0.7694837640638655
0.3753011534421452,0.7978816843099451,-1.9887889165699386,0.8076101880010743,0.6831300510639733,-0.4648444922875286,-0.6059964013243635,1.042212500669477,-0.41803980857497053,-0.11203705304599067,-0.9674709297958262,-0.6961771158887059,1.0954451150103321,-0.27487370837451075,1.888395545390069,-0.3617196725301613,-0.2660760420950957,-0.24779731389167609,1.2995725793078619
1.363700079919766,-1.4324084410496463,-0.3547628605076127,-0.6445350538854729,-1.4638501094227996,-0.4648444922875286,-0.6059964013243635,1.042212500669477,-0.41803980857497053,-0.11203705304599067,-0.9674709297958262,-0.6961771158887059,-0.9128709291752769,-0.27487370837451075,-0.529550073574993,2.7645717829090897,-0.2660760420950957,-0.24779731389167609,-0.7694837640638655
1.6931663887456398,1.5784832281858021,-1.6796488519094988,1.5763929631174816,0.6831300510639733,-0.4648444922875286,1.6501748159140361,-0.959497222838566,-0.41803980857497053,-0.11203705304599067,-0.9674709297958262,1.436416074555178,1.0954451150103321,-0.27487370837451075,1.888395545390069,-0.3617196725301613,-0.2660760420950957,-0.24779731389167609,1.2995725793078619
0.15565694755822945,0.12879464670206772,-0.001459929467109786,0.7221898796548067,-1.4638501094227996,-0.4648444922875286,-0.6059964013243635,1.042212500669477,-0.41803980857497053,-0.11203705304599067,1.033622788243404,1.436416074555178,1.0954451150103321,-0.27487370837451075,-0.529550073574993,2.7645717829090897,-0.2660760420950957,-0.24779731389167609,1.2995725793078619
0.3753011534421452,0.4633381655060064,0.6609830662338332,-0.9007959789242754,0.6831300510639733,-0.4648444922875286,1.6501748159140361,-0.959497222838566,2.39211668240122,-0.11203705304599067,1.033622788243404,-0.6961771158887059,-0.9128709291752769,-0.27487370837451075,-0.529550073574993,-0.3617196725301613,-0.2660760420950957,-0.24779731389167609,-0.7694837640638655
0.8145895652099767,0.35182365923802683,-1.9446260501898758,0.7221898796548067,-1.4638501094227996,-0.4648444922875286,-0.6059964013243635,1.042212500669477,2.39211668240122,-0.11203705304599067,-0.9674709297958262,-0.6961771158887059,1.0954451150103321,-0.27487370837451075,-0.529550073574993,-0.3617196725301613,3.758324094593227,-0.24779731389167609,-0.7694837640638655
-1.9309630083389704,-0.6518068971737893,0.8817973981341475,-0.9007959789242754,-1.4638501094227996,-0.4648444922875286,1.6501748159140361,-0.959497222838566,-0.41803980857497053,-0.11203705304599067,-0.9674709297958262,-0.6961771158887059,-0.9128709291752769,-0.27487370837451075,-0.529550073574993,-0.3617196725301613,-0.2660760420950957,-0.24779731389167609,-0.7694837640638655
-0.1738093612676442,0.4633381655060064,0.21935440243320453,1.7472335798100167,0.6831300510639733,-0.4648444922875286,-0.6059964013243635,1.042212500669477,2.39211668240122,-0.11203705304599067,1.033622788243404,1.436416074555178,-0.9128709291752769,3.638034375544995,-0.529550073574993,-0.3617196725301613,-0.2660760420950957,-0.24779731389167609,1.2995725793078619
0.9244116681519347,1.0209106968459043,0.17519153605314167,2.516016354926424,-1.4638501094227996,-0.4648444922875286,-0.6059964013243635,1.042212500669477,-0.41803980857497053,-0.11203705304599067,1.033622788243404,-0.6961771158887059,1.0954451150103321,-0.27487370837451075,-0.529550073574993,-0.3617196725301613,3.758324094593227,-0.24779731389167609,1.2995725793078619
0.4851232563841031,1.5784832281858021,-1.1055315889686814,-0.9007959789242754,0.6831300510639733,-0.4648444922875286,-0.6059964013243635,-0.959497222838566,-0.41803980857497053,-0.11203705304599067,1.033622788243404,-0.6961771158887059,-0.9128709291752769,-0.27487370837451075,-0.529550073574993,-0.3617196725301613,-0.2660760420950957,-0.24779731389167609,-0.7694837640638655
1.363700079919766,1.5784832281858021,-1.85630031742975,0.38050864626973685,0.6831300510639733,-0.4648444922875286,-0.6059964013243635,1.042212500669477,-0.41803980857497053,-0.11203705304599067,1.033622788243404,1.436416074555178,1.0954451150103321,-0.27487370837451075,-0.529550073574993,-0.3617196725301613,3.758324094593227,-0.24779731389167609,-0.7694837640638655
1.363700079919766,-0.6518068971737893,-0.92888012344843,1.3201320380786792,0.6831300510639733,-0.4648444922875286,-0.6059964013243635,1.042212500669477,-0.41803980857497053,-0.11203705304599067,1.033622788243404,1.436416074555178,1.0954451150103321,-0.27487370837451075,-0.529550073574993,2.7645717829090897,-0.2660760420950957,-0.24779731389167609,1.2995725793078619
0.7047674622680189,1.0209106968459043,-0.575577192407927,-0.04659289546160056,0.6831300510639733,-0.4648444922875286,1.6501748159140361,-0.959497222838566,2.39211668240122,-0.11203705304599067,-0.9674709297958262,1.436416074555178,1.0954451150103321,-0.27487370837451075,-0.529550073574993,-0.3617196725301613,-0.2660760420950957,-0.24779731389167609,-0.7694837640638655
-0.7229198759774336,-0.4287778846378301,0.705145932613896,-0.47369443719293797,0.6831300510639733,-0.4648444922875286,-0.6059964013243635,1.042212500669477,-0.41803980857497053,-0.11203705304599067,1.033622788243404,-0.6961771158887059,1.0954451150103321,-0.27487370837451075,-0.529550073574993,-0.3617196725301613,-0.2660760420950957,-0.24779731389167609,1.2995725793078619
0.8145895652099767,1.5784832281858021,-0.22227426136742412,4.395263138544309,-1.4638501094227996,-0.4648444922875286,-0.6059964013243635,1.042212500669477,-0.41803980857497053,-0.11203705304599067,1.033622788243404,-0.6961771158887059,-0.9128709291752769,3.638034375544995,-0.529550073574993,-0.3617196725301613,3.758324094593227,-0.24779731389167609,1.2995725793078619
-0.28363146420960206,2.2475702657936796,0.5284944670936446,-0.47369443719293797,0.6831300510639733,-0.4648444922875286,1.6501748159140361,-0.959497222838566,2.39211668240122,-0.11203705304599067,-0.9674709297958262,-0.6961771158887059,-0.9128709291752769,-0.27487370837451075,-0.529550073574993,-0.3617196725301613,-0.2660760420950957,-0.24779731389167609,1.2995725793078619
1.0342337710938925,-0.20574887210187098,-1.9887889165699386,-0.7299553622317405,0.6831300510639733,-0.4648444922875286,-0.6059964013243635,1.042212500669477,-0.41803980857497053,-0.11203705304599067,-0.9674709297958262,1.436416074555178,1.0954451150103321,-0.27487370837451075,1.888395545390069,-0.3617196725301613,-0.2660760420950957,-0.24779731389167609,1.2995725793078619
0.26547905050018733,1.857269493855751,-1.1496944553487443,-0.04659289546160056,0.6831300510639733,-0.4648444922875286,-0.6059964013243635,1.042212500669477,2.39211668240122,-0.11203705304599067,1.033622788243404,-0.6961771158887059,1.0954451150103321,-0.27487370837451075,-0.529550073574993,-0.3617196725301613,3.758324094593227,-0.24779731389167609,1.2995725793078619
1.1440558740358504,1.2996969625158532,-0.08978566222723551,-0.21743351215413548,-1.4638501094227996,-0.4648444922875286,1.6501748159140361,-0.959497222838566,-0.41803980857497053,-0.11203705304599067,-0.9674709297958262,-0.6961771158887059,-0.9128709291752769,-0.27487370837451075,-0.529550073574993,-0.3617196725301613,-0.2660760420950957,-0.24779731389167609,-0.7694837640638655
-1.162208287745265,-0.6518068971737893,1.014285997274336,-0.9007959789242754,0.6831300510639733,2.151257068958563,-0.6059964013243635,-0.959497222838566,-0.41803980857497053,-0.11203705304599067,-0.9674709297958262,-0.6961771158887059,-0.9128709291752769,-0.27487370837451075,-0.529550073574993,-0.3617196725301613,-0.2660760420950957,-0.24779731389167609,1.2995725793078619
1.6931663887456398,1.355454215649843,-0.31059999412754985,-0.9007959789242754,0.6831300510639733,2.151257068958563,-0.6059964013243635,-0.959497222838566,-0.41803980857497053,-0.11203705304599067,1.033622788243404,-0.6961771158887059,-0.9128709291752769,-0.27487370837451075,-0.529550073574993,-0.3617196725301613,-0.2660760420950957,-0.24779731389167609,-0.7694837640638655
0.8145895652099767,-0.20574887210187098,-0.4430885932677384,-0.9007959789242754,0.6831300510639733,2.151257068958563,-0.6059964013243635,-0.959497222838566,2.39211668240122,-0.11203705304599067,1.033622788243404,-0.6961771158887059,-0.9128709291752769,-0.27487370837451075,-0.529550073574993,-0.3617196725301613,-0.2660760420950957,-0.24779731389167609,-0.7694837640638655
0.8145895652099767,-0.0942343658338914,-2.3420918476104418,0.12424772123093437,-1.4638501094227996,-0.4648444922875286,1.6501748159140361,-0.959497222838566,-0.41803980857497053,-0.11203705304599067,-0.9674709297958262,-0.6961771158887059,1.0954451150103321,-0.27487370837451075,1.888395545390069,-0.3617196725301613,-0.2660760420950957,-0.24779731389167609,1.2995725793078619
1.8029884916875976,-1.0978649222457075,-1.1055315889686814,0.4659289546160044,-1.4638501094227996,-0.4648444922875286,-0.6059964013243635,1.042212500669477,-0.41803980857497053,-0.11203705304599067,-0.9674709297958262,-0.6961771158887059,1.0954451150103321,-0.27487370837451075,-0.529550073574993,-0.3617196725301613,-0.2660760420950957,-0.24779731389167609,-0.7694837640638655
-1.0523861848033071,0.574852671773986,-0.1339485286072984,-0.9007959789242754,0.6831300510639733,-0.4648444922875286,-0.6059964013243635,1.042212500669477,-0.41803980857497053,-0.11203705304599067,1.033622788243404,1.436416074555178,1.0954451150103321,-0.27487370837451075,-0.529550073574993,-0.3617196725301613,3.758324094593227,-0.24779731389167609,1.2995725793078619
0.7047674622680189,0.7421244311759554,-0.17811139498736125,-0.04659289546160056,-1.4638501094227996,-0.4648444922875286,-0.6059964013243635,1.042212500669477,-0.41803980857497053,-0.11203705304599067,1.033622788243404,1.436416074555178,1.0954451150103321,-0.27487370837451075,-0.529550073574993,-0.3617196725301613,-0.2660760420950957,-0.24779731389167609,1.2995725793078619
0.594945359326061,1.4669687219178225,0.4843316007135817,-0.9007959789242754,-1.4638501094227996,-0.4648444922875286,-0.6059964013243635,1.042212500669477,-0.41803980857497053,-0.11203705304599067,1.033622788243404,-0.6961771158887059,-0.9128709291752769,-0.27487370837451075,-0.529550073574993,-0.3617196725301613,-0.2660760420950957,-0.24779731389167609,-0.7694837640638655
-1.162208287745265,-0.6518068971737893,-0.26643712774748696,1.490972654771214,0.6831300510639733,-0.4648444922875286,-0.6059964013243635,1.042212500669477,-0.41803980857497053,-0.11203705304599067,-0.9674709297958262,1.436416074555178,-0.9128709291752769,3.638034375544995,-0.529550073574993,-0.3617196725301613,-0.2660760420950957,4.035556254807296,-0.7694837640638655
-0.9425640818613493,0.35182365923802683,0.08686580329301595,-0.9007959789242754,-1.4638501094227996,-0.4648444922875286,-0.6059964013243635,1.042212500669477,-0.41803980857497053,-0.11203705304599067,1.033622788243404,1.436416074555178,1.0954451150103321,-0.27487370837451075,-0.529550073574993,-0.3617196725301613,-0.2660760420950957,-0.24779731389167609,-0.7694837640638655
-0.39345356715155994,0.4633381655060064,-0.3547628605076127,0.38050864626973685,-1.4638501094227996,-0.4648444922875286,1.6501748159140361,-0.959497222838566,-0.41803980857497053,-0.11203705304599067,1.033622788243404,-0.6961771158887059,-0.9128709291752769,-0.27487370837451075,1.888395545390069,-0.3617196725301613,-0.2660760420950957,-0.24779731389167609,-0.7694837640638655
-0.06398725832568632,-1.3208939347816666,0.749308798993959,-0.9007959789242754,-1.4638501094227996,-0.4648444922875286,1.6501748159140361,-0.959497222838566,-0.41803980857497053,-0.11203705304599067,1.033622788243404,-0.6961771158887059,-0.9128709291752769,-0.27487370837451075,-0.529550073574993,-0.3617196725301613,-0.2660760420950957,-0.24779731389167609,-0.7694837640638655
-1.4916745965711387,-1.0978649222457075,0.9701231308942733,-0.9007959789242754,-1.4638501094227996,-0.4648444922875286,1.6501748159140361,-0.959497222838566,-0.41803980857497053,-0.11203705304599067,1.033622788243404,1.436416074555178,-0.9128709291752769,-0.27487370837451075,-0.529550073574993,-0.3617196725301613,-0.2660760420950957,-0.24779731389167609,-0.7694837640638655
-0.8327419789193915,0.35182365923802683,0.2635172688132674,-0.9007959789242754,0.6831300510639733,-0.4648444922875286,1.6501748159140361,-0.959497222838566,-0.41803980857497053,-0.11203705304599067,1.033622788243404,-0.6961771158887059,-0.9128709291752769,-0.27487370837451075,-0.529550073574993,-0.3617196725301613,-0.2660760420950957,-0.24779731389167609,-0.7694837640638655
-0.1738093612676442,0.35182365923802683,0.4401687343335189,-0.9007959789242754,-1.4638501094227996,-0.4648444922875286,-0.6059964013243635,1.042212500669477,-0.41803980857497053,-0.11203705304599067,1.033622788243404,-0.6961771158887059,-0.9128709291752769,-0.27487370837451075,-0.529550073574993,-0.3617196725301613,-0.2660760420950957,-0.24779731389167609,-0.7694837640638655
-1.4916745965711387,-0.3172633783698505,0.5726573334737075,-0.9007959789242754,-1.4638501094227996,2.151257068958563,-0.6059964013243635,-0.959497222838566,-0.41803980857497053,-0.11203705304599067,-0.9674709297958262,-0.6961771158887059,-0.9128709291752769,-0.27487370837451075,-0.529550073574993,-0.3617196725301613,-0.2660760420950957,-0.24779731389167609,-0.7694837640638655
0.4851232563841031,2.3590847720616592,-0.31059999412754985,-0.9007959789242754,-1.4638501094227996,-0.4648444922875286,-0.6059964013243635,1.042212500669477,-0.41803980857497053,-0.11203705304599067,-0.9674709297958262,1.436416074555178,1.0954451150103321,-0.27487370837451075,-0.529550073574993,-0.3617196725301613,-0.2660760420950957,-0.24779731389167609,-0.7694837640638655
-0.5032756700935178,0.4633381655060064,0.5726573334737075,-0.3882741288466705,0.6831300510639733,-0.4648444922875286,1.6501748159140361,-0.959497222838566,-0.41803980857497053,-0.11203705304599067,-0.9674709297958262,-0.6961771158887059,1.0954451150103321,-0.27487370837451075,1.888395545390069,-0.3617196725301613,-0.2660760420950957,-0.24779731389167609,1.2995725793078619
1.8029884916875976,1.5784832281858021,0.5284944670936446,-0.5591147455392055,-1.4638501094227996,2.151257068958563,-0.6059964013243635,-0.959497222838566,-0.41803980857497053,-0.11203705304599067,-0.9674709297958262,-0.6961771158887059,-0.9128709291752769,-0.27487370837451075,-0.529550073574993,2.7645717829090897,-0.2660760420950957,-0.24779731389167609,-0.7694837640638655
0.26547905050018733,-0.4287778846378301,-0.3989257268876756,-0.6445350538854729,0.6831300510639733,2.151257068958563,-0.6059964013243635,-0.959497222838566,-0.41803980857497053,-0.11203705304599067,-0.9674709297958262,-0.6961771158887059,-0.9128709291752769,-0.27487370837451075,-0.529550073574993,-0.3617196725301613,-0.2660760420950957,-0.24779731389167609,1.2995725793078619
1.363700079919766,1.1324252031138837,-0.001459929467109786,-0.21743351215413548,0.6831300510639733,-0.4648444922875286,1.6501748159140361,-0.959497222838566,-0.41803980857497053,-0.11203705304599067,1.033622788243404,-0.6961771158887059,1.0954451150103321,-0.27487370837451075,-0.529550073574993,-0.3617196725301613,-0.2660760420950957,-0.24779731389167609,1.2995725793078619
-1.272030390687223,-0.6518068971737893,-1.3263459208689958,1.2347117297324117,0.6831300510639733,-0.4648444922875286,-0.6059964013243635,1.042212500669477,-0.41803980857497053,-0.11203705304599067,1.033622788243404,1.436416074555178,1.0954451150103321,-0.27487370837451075,-0.529550073574993,-0.3617196725301613,-0.2660760420950957,-0.24779731389167609,1.2995725793078619
0.26547905050018733,1.0209106968459043,1.014285997274336,-0.7299553622317405,0.6831300510639733,-0.4648444922875286,1.6501748159140361,-0.959497222838566,2.39211668240122,-0.11203705304599067,-0.9674709297958262,-0.6961771158887059,-0.9128709291752769,-0.27487370837451075,1.888395545390069,-0.3617196725301613,-0.2660760420950957,-0.24779731389167609,1.2995725793078619
-0.1738093612676442,-0.0942343658338914,-0.31059999412754985,-0.5591147455392055,-1.4638501094227996,-0.4648444922875286,-0.6059964013243635,1.042212500669477,-0.41803980857497053,-0.11203705304599067,1.033622788243404,-0.6961771158887059,1.0954451150103321,-0.27487370837451075,-0.529550073574993,-0.3617196725301613,-0.2660760420950957,-0.24779731389167609,-0.7694837640638655
2.352099006397387,0.4633381655060064,-1.5029973863892472,0.038827412884667005,-1.4638501094227996,-0.4648444922875286,1.6501748159140361,-0.959497222838566,-0.41803980857497053,8.925618559330589,-0.9674709297958262,-0.6961771158887059,1.0954451150103321,-0.27487370837451075,-0.529550073574993,-0.3617196725301613,-0.2660760420950957,-0.24779731389167609,-0.7694837640638655
1.1440558740358504,1.0209106968459043,-1.5913231191493729,-0.04659289546160056,-1.4638501094227996,-0.4648444922875286,-0.6059964013243635,1.042212500669477,-0.41803980857497053,-0.11203705304599067,1.033622788243404,-0.6961771158887059,1.0954451150103321,-0.27487370837451075,-0.529550073574993,-0.3617196725301613,3.758324094593227,-0.24779731389167609,1.2995725793078619
0.04583484461627156,0.4633381655060064,-1.7238117182895616,3.8827412884667036,0.6831300510639733,-0.4648444922875286,-0.6059964013243635,1.042212500669477,-0.41803980857497053,-0.11203705304599067,-0.9674709297958262,1.436416074555178,-0.9128709291752769,3.638034375544995,-0.529550073574993,-0.3617196725301613,-0.2660760420950957,-0.24779731389167609,1.2995725793078619
0.3753011534421452,-1.4881656941836359,0.17519153605314167,-0.3882741288466705,0.6831300510639733,-0.4648444922875286,1.6501748159140361,-0.959497222838566,-0.41803980857497053,-0.11203705304599067,1.033622788243404,1.436416074555178,1.0954451150103321,-0.27487370837451075,-0.529550073574993,-0.3617196725301613,-0.2660760420950957,-0.24779731389167609,1.2995725793078619
0.594945359326061,0.4633381655060064,0.8817973981341475,0.12424772123093437,0.6831300510639733,-0.4648444922875286,-0.6059964013243635,1.042212500669477,-0.41803980857497053,-0.11203705304599067,1.033622788243404,-0.6961771158887059,1.0954451150103321,-0.27487370837451075,-0.529550073574993,2.7645717829090897,-0.2660760420950957,-0.24779731389167609,1.2995725793078619
-1.381852493629181,-1.6554374535856053,-1.23802018810887,-0.3882741288466705,-1.4638501094227996,-0.4648444922875286,-0.6059964013243635,1.042212500669477,-0.41803980857497053,-0.11203705304599067,1.033622788243404,-0.6961771158887059,1.0954451150103321,-0.27487370837451075,-0.529550073574993,-0.3617196725301613,-0.2660760420950957,-0.24779731389167609,-0.7694837640638655
-0.7229198759774336,-0.4287778846378301,1.1026117300344618,-0.9007959789242754,0.6831300510639733,-0.4648444922875286,1.6501748159140361,-0.959497222838566,2.39211668240122,-0.11203705304599067,-0.9674709297958262,-0.6961771158887059,-0.9128709291752769,-0.27487370837451075,-0.529550073574993,2.7645717829090897,-0.2660760420950957,-0.24779731389167609,-0.7694837640638655
-0.9425640818613493,0.4633381655060064,-1.3263459208689958,0.6367695713085394,0.6831300510639733,-0.4648444922875286,-0.6059964013243635,1.042212500669477,-0.41803980857497053,-0.11203705304599067,-0.9674709297958262,1.436416074555178,1.0954451150103321,-0.27487370837451075,-0.529550073574993,2.7645717829090897,-0.2660760420950957,-0.24779731389167609,1.2995725793078619
-0.6130977730354757,-0.0942343658338914,0.5726573334737075,-0.9007959789242754,-1.4638501094227996,-0.4648444922875286,-0.6059964013243635,1.042212500669477,-0.41803980857497053,-0.11203705304599067,-0.9674709297958262,-0.6961771158887059,-0.9128709291752769,-0.27487370837451075,-0.529550073574993,-0.3617196725301613,-0.2660760420950957,-0.24779731389167609,-0.7694837640638655
1.363700079919766,-0.9305931628437382,0.4401687343335189,0.4659289546160044,-1.4638501094227996,-0.4648444922875286,1.6501748159140361,-0.959497222838566,-0.41803980857497053,-0.11203705304599067,1.033622788243404,-0.6961771158887059,1.0954451150103321,-0.27487370837451075,-0.529550073574993,-0.3617196725301613,-0.2660760420950957,-0.24779731389167609,1.2995725793078619
0.4851232563841031,2.582113784597618,-0.22227426136742412,2.686856971618959,0.6831300510639733,-0.4648444922875286,-0.6059964013243635,-0.959497222838566,-0.41803980857497053,-0.11203705304599067,1.033622788243404,-0.6961771158887059,-0.9128709291752769,3.638034375544995,-0.529550073574993,-0.3617196725301613,-0.2660760420950957,-0.24779731389167609,1.2995725793078619
-0.6130977730354757,-0.0942343658338914,0.9259602645142104,-0.3882741288466705,0.6831300510639733,2.151257068958563,-0.6059964013243635,-0.959497222838566,-0.41803980857497053,-0.11203705304599067,-0.9674709297958262,-0.6961771158887059,-0.9128709291752769,-0.27487370837451075,-0.529550073574993,-0.3617196725301613,-0.2660760420950957,-0.24779731389167609,-0.7694837640638655
0.26547905050018733,-1.209379428513687,-1.0613687225886186,0.38050864626973685,0.6831300510639733,-0.4648444922875286,-0.6059964013243635,1.042212500669477,-0.41803980857497053,-0.11203705304599067,-0.9674709297958262,1.436416074555178,1.0954451150103321,-0.27487370837451075,-0.529550073574993,-0.3617196725301613,-0.2660760420950957,4.035556254807296,-0.7694837640638655
-0.06398725832568632,-1.3208939347816666,0.2635172688132674,-0.9007959789242754,0.6831300510639733,2.151257068958563,-0.6059964013243635,-0.959497222838566,-0.41803980857497053,-0.11203705304599067,-0.9674709297958262,-0.6961771158887059,-0.9128709291752769,-0.27487370837451075,-0.529550073574993,-0.3617196725301613,-0.2660760420950957,-0.24779731389167609,1.2995725793078619
-1.7113188024550545,-2.1014954786575237,1.2792631955547134,-0.9007959789242754,-1.4638501094227996,-0.4648444922875286,1.6501748159140361,-0.959497222838566,-0.41803980857497053,-0.11203705304599067,-0.9674709297958262,-0.6961771158887059,-0.9128709291752769,-0.27487370837451075,-0.529550073574993,-0.3617196725301613,-0.2660760420950957,-0.24779731389167609,-0.7694837640638655
0.3753011534421452,-0.20574887210187098,-0.8405543906883042,0.9784508046936095,0.6831300510639733,-0.4648444922875286,-0.6059964013243635,1.042212500669477,-0.41803980857497053,-0.11203705304599067,1.033622788243404,1.436416074555178,1.0954451150103321,-0.27487370837451075,-0.529550073574993,-0.3617196725301613,3.758324094593227,-0.24779731389167609,1.2995725793078619
1.2538779769778083,1.0209106968459043,-1.5913231191493729,1.3201320380786792,-1.4638501094227996,-0.4648444922875286,-0.6059964013243635,-0.959497222838566,-0.41803980857497053,-0.11203705304599067,-0.9674709297958262,-0.6961771158887059,-0.9128709291752769,3.638034375544995,-0.529550073574993,-0.3617196725301613,-0.2660760420950957,-0.24779731389167609,-0.7694837640638655
0.9244116681519347,-1.3208939347816666,0.8376345317540846,0.6367695713085394,-1.4638501094227996,-0.4648444922875286,-0.6059964013243635,1.042212500669477,-0.41803980857497053,-0.11203705304599067,-0.9674709297958262,1.436416074555178,1.0954451150103321,-0.27487370837451075,-0.529550073574993,2.7645717829090897,-0.2660760420950957,-0.24779731389167609,-0.7694837640638655
0.7047674622680189,0.35182365923802683,-1.1055315889686814,2.174335121541354,0.6831300510639733,-0.4648444922875286,-0.6059964013243635,1.042212500669477,-0.41803980857497053,-0.11203705304599067,1.033622788243404,1.436416074555178,1.0954451150103321,-0.27487370837451075,1.888395545390069,-0.3617196725301613,-0.2660760420950957,-0.24779731389167609,-0.7694837640638655
1.1440558740358504,-1.209379428513687,0.35184300157339315,-0.3882741288466705,0.6831300510639733,-0.4648444922875286,-0.6059964013243635,1.042212500669477,-0.41803980857497053,-0.11203705304599067,1.033622788243404,-0.6961771158887059,-0.9128709291752769,-0.27487370837451075,-0.529550073574993,2.7645717829090897,-0.2660760420950957,4.035556254807296,-0.7694837640638655
-1.162208287745265,-1.209379428513687,1.1909374627945877,-0.9007959789242754,0.6831300510639733,-0.4648444922875286,-0.6059964013243635,1.042212500669477,-0.41803980857497053,-0.11203705304599067,1.033622788243404,-0.6961771158887059,-0.9128709291752769,-0.27487370837451075,1.888395545390069,-0.3617196725301613,-0.2660760420950957,-0.24779731389167609,-0.7694837640638655
1.0342337710938925,2.1360557595257,0.21935440243320453,-0.3882741288466705,0.6831300510639733,-0.4648444922875286,-0.6059964013243635,-0.959497222838566,-0.41803980857497053,-0.11203705304599067,1.033622788243404,-0.6961771158887059,1.0954451150103321,-0.27487370837451075,-0.529550073574993,-0.3617196725301613,-0.2660760420950957,-0.24779731389167609,1.2995725793078619
-0.28363146420960206,-0.20574887210187098,0.2635172688132674,-0.04659289546160056,0.6831300510639733,-0.4648444922875286,-0.6059964013243635,1.042212500669477,2.39211668240122,-0.11203705304599067,-0.9674709297958262,1.436416074555178,1.0954451150103321,-0.27487370837451075,-0.529550073574993,-0.3617196725301613,-0.2660760420950957,-0.24779731389167609,-0.7694837640638655
0.04583484461627156,0.01728014043408816,-0.7963915243082413,0.12424772123093437,0.6831300510639733,-0.4648444922875286,-0.6059964013243635,1.042212500669477,-0.41803980857497053,-0.11203705304599067,-0.9674709297958262,1.436416074555178,1.0954451150103321,-0.27487370837451075,1.888395545390069,-0.3617196725301613,-0.2660760420950957,-0.24779731389167609,1.2995725793078619
-1.4916745965711387,-1.4881656941836359,0.7934716653740218,-0.9007959789242754,-1.4638501094227996,2.151257068958563,-0.6059964013243635,-0.959497222838566,-0.41803980857497053,-0.11203705304599067,-0.9674709297958262,-0.6961771158887059,-0.9128709291752769,-0.27487370837451075,1.888395545390069,-0.3617196725301613,-0.2660760420950957,-0.24779731389167609,-0.7694837640638655
0.26547905050018733,-0.20574887210187098,0.396005867953456,-0.9007959789242754,-1.4638501094227996,-0.4648444922875286,-0.6059964013243635,1.042212500669477,-0.41803980857497053,-0.11203705304599067,1.033622788243404,-0.6961771158887059,-0.9128709291752769,-0.27487370837451075,1.888395545390069,-0.3617196725301613,-0.2660760420950957,-0.24779731389167609,-0.7694837640638655
1.2538779769778083,0.7978816843099451,0.08686580329301595,-0.9007959789242754,-1.4638501094227996,-0.4648444922875286,1.6501748159140361,-0.959497222838566,-0.41803980857497053,-0.11203705304599067,1.033622788243404,-0.6961771158887059,1.0954451150103321,-0.27487370837451075,1.888395545390069,-0.3617196725301613,-0.2660760420950957,-0.24779731389167609,-0.7694837640638655
0.15565694755822945,0.4633381655060064,0.1310286696730788,0.20966802957720193,-1.4638501094227996,2.151257068958563,-0.6059964013243635,-0.959497222838566,-0.41803980857497053,-0.11203705304599067,1.033622788243404,-0.6961771158887059,1.0954451150103321,-0.27487370837451075,-0.529550073574993,-0.3617196725301613,-0.2660760420950957,-0.24779731389167609,-0.7694837640638655
1.0342337710938925,0.4633381655060064,0.35184300157339315,-0.9007959789242754,0.6831300510639733,-0.4648444922875286,1.6501748159140361,-0.959497222838566,-0.41803980857497053,-0.11203705304599067,-0.9674709297958262,-0.6961771158887059,-0.9128709291752769,-0.27487370837451075,-0.529550073574993,-0.3617196725301613,-0.2660760420950957,-0.24779731389167609,-0.7694837640638655
0.594945359326061,-1.6554374535856053,0.4401687343335189,-0.9007959789242754,-1.4638501094227996,-0.4648444922875286,1.6501748159140361,-0.959497222838566,-0.41803980857497053,-0.11203705304599067,-0.9674709297958262,-0.6961771158887059,-0.9128709291752769,-0.27487370837451075,1.888395545390069,-0.3617196725301613,-0.2660760420950957,-0.24779731389167609,-0.7694837640638655
1.0342337710938925,0.4633381655060064,-0.7522286579281785,-0.7299553622317405,-1.4638501094227996,-0.4648444922875286,1.6501748159140361,-0.959497222838566,-0.41803980857497053,-0.11203705304599067,-0.9674709297958262,-0.6961771158887059,-0.9128709291752769,-0.27487370837451075,-0.529550073574993,-0.3617196725301613,-0.2660760420950957,-0.24779731389167609,1.2995725793078619
-0.28363146420960206,0.2403091529700473,0.8376345317540846,-0.815375670578008,-1.4638501094227996,-0.4648444922875286,1.6501748159140361,-0.959497222838566,-0.41803980857497053,-0.11203705304599067,1.033622788243404,-0.6961771158887059,1.0954451150103321,-0.27487370837451075,-0.529550073574993,-0.3617196725301613,-0.2660760420950957,-0.24779731389167609,-0.7694837640638655
-1.272030390687223,0.01728014043408816,-0.6197400587879899,1.6618132714637492,-1.4638501094227996,-0.4648444922875286,-0.6059964013243635,1.042212500669477,2.39211668240122,-0.11203705304599067,1.033622788243404,1.436416074555178,1.0954451150103321,-0.27487370837451075,-0.529550073574993,-0.3617196725301613,-0.2660760420950957,-0.24779731389167609,1.2995725793078619
0.15565694755822945,3.8087733535453934,-0.7522286579281785,2.516016354926424,-1.4638501094227996,-0.4648444922875286,-0.6059964013243635,1.042212500669477,2.39211668240122,-0.11203705304599067,1.033622788243404,1.436416074555178,-0.9128709291752769,3.638034375544995,-0.529550073574993,2.7645717829090897,-0.2660760420950957,-0.24779731389167609,1.2995725793078619
-0.9425640818613493,-1.4881656941836359,0.9701231308942733,-0.9007959789242754,-1.4638501094227996,2.151257068958563,-0.6059964013243635,-0.959497222838566,-0.41803980857497053,-0.11203705304599067,-0.9674709297958262,-0.6961771158887059,-0.9128709291752769,-0.27487370837451075,-0.529550073574993,-0.3617196725301613,-0.2660760420950957,-0.24779731389167609,-0.7694837640638655
-0.1738093612676442,0.574852671773986,-1.7238117182895616,-0.9007959789242754,0.6831300510639733,-0.4648444922875286,-0.6059964013243635,1.042212500669477,-0.41803980857497053,-0.11203705304599067,1.033622788243404,1.436416074555178,-0.9128709291752769,-0.27487370837451075,-0.529550073574993,-0.3617196725301613,-0.2660760420950957,-0.24779731389167609,1.2995725793078619
-0.06398725832568632,3.362715328473475,1.9858690576357192,-0.9007959789242754,0.6831300510639733,2.151257068958563,-0.6059964013243635,-0.959497222838566,-0.41803980857497053,-0.11203705304599067,1.033622788243404,-0.6961771158887059,-0.9128709291752769,-0.27487370837451075,1.888395545390069,-0.3617196725301613,-0.2660760420950957,-0.24779731389167609,1.2995725793078619
-1.4916745965711387,-1.0978649222457075,1.2792631955547134,-0.9007959789242754,0.6831300510639733,-0.4648444922875286,1.6501748159140361,-0.959497222838566,-0.41803980857497053,-0.11203705304599067,-0.9674709297958262,-0.6961771158887059,-0.9128709291752769,-0.27487370837451075,-0.529550073574993,-0.3617196725301613,-0.2660760420950957,-0.24779731389167609,-0.7694837640638655
-1.162208287745265,-0.6518068971737893,0.8376345317540846,-0.9007959789242754,0.6831300510639733,-0.4648444922875286,1.6501748159140361,-0.959497222838566,-0.41803980857497053,-0.11203705304599067,-0.9674709297958262,-0.6961771158887059,-0.9128709291752769,-0.27487370837451075,-0.529550073574993,-0.3617196725301613,-0.2660760420950957,-0.24779731389167609,-0.7694837640638655
-2.150607214222886,0.35182365923802683,1.4117517946949019,0.29508833792346933,-1.4638501094227996,-0.4648444922875286,-0.6059964013243635,1.042212500669477,-0.41803980857497053,-0.11203705304599067,-0.9674709297958262,-0.6961771158887059,-0.9128709291752769,-0.27487370837451075,-0.529550073574993,-0.3617196725301613,-0.2660760420950957,-0.24779731389167609,-0.7694837640638655
0.4851232563841031,0.12879464670206772,0.5284944670936446,-0.21743351215413548,0.6831300510639733,-0.4648444922875286,-0.6059964013243635,-0.959497222838566,-0.41803980857497053,-0.11203705304599067,-0.9674709297958262,-0.6961771158887059,-0.9128709291752769,-0.27487370837451075,-0.529550073574993,2.7645717829090897,-0.2660760420950957,-0.24779731389167609,-0.7694837640638655
-1.162208287745265,-1.0978649222457075,0.1310286696730788,-0.9007959789242754,0.6831300510639733,-0.4648444922875286,-0.6059964013243635,1.042212500669477,-0.41803980857497053,-0.11203705304599067,1.033622788243404,-0.6961771158887059,-0.9128709291752769,-0.27487370837451075,1.888395545390069,-0.3617196725301613,-0.2660760420950957,-0.24779731389167609,-0.7694837640638655
-1.162208287745265,-1.3208939347816666,1.1026117300344618,-0.3882741288466705,-1.4638501094227996,-0.4648444922875286,1.6501748159140361,-0.959497222838566,-0.41803980857497053,-0.11203705304599067,-0.9674709297958262,-0.6961771158887059,1.0954451150103321,-0.27487370837451075,-0.529550073574993,-0.3617196725301613,-0.2660760420950957,-0.24779731389167609,-0.7694837640638655
1.6931663887456398,0.7421244311759554,-1.1055315889686814,1.3201320380786792,0.6831300510639733,-0.4648444922875286,-0.6059964013243635,1.042212500669477,-0.41803980857497053,-0.11203705304599067,-0.9674709297958262,1.436416074555178,-0.9128709291752769,3.638034375544995,-0.529550073574993,-0.3617196725301613,-0.2660760420950957,-0.24779731389167609,1.2995725793078619
-0.9425640818613493,0.574852671773986,0.4401687343335189,0.29508833792346933,-1.4638501094227996,-0.4648444922875286,1.6501748159140361,-0.959497222838566,-0.41803980857497053,-0.11203705304599067,1.033622788243404,1.436416074555178,-0.9128709291752769,3.638034375544995,-0.529550073574993,-0.3617196725301613,-0.2660760420950957,-0.24779731389167609,-0.7694837640638655
-0.6130977730354757,-0.7633214034417688,-1.0613687225886186,-0.21743351215413548,0.6831300510639733,-0.4648444922875286,1.6501748159140361,-0.959497222838566,-0.41803980857497053,-0.11203705304599067,1.033622788243404,-0.6961771158887059,-0.9128709291752769,-0.27487370837451075,-0.529550073574993,-0.3617196725301613,3.758324094593227,-0.24779731389167609,-0.7694837640638655
-1.6014966995130966,0.4633381655060064,1.2351003291746505,0.29508833792346933,0.6831300510639733,-0.4648444922875286,-0.6059964013243635,-0.959497222838566,-0.41803980857497053,-0.11203705304599067,-0.9674709297958262,1.436416074555178,-0.9128709291752769,-0.27487370837451075,-0.529550073574993,-0.3617196725301613,-0.2660760420950957,-0.24779731389167609,1.2995725793078619
0.9244116681519347,0.7421244311759554,-0.001459929467109786,1.0638711130398766,0.6831300510639733,-0.4648444922875286,-0.6059964013243635,-0.959497222838566,2.39211668240122,-0.11203705304599067,1.033622788243404,-0.6961771158887059,-0.9128709291752769,3.638034375544995,-0.529550073574993,-0.3617196725301613,-0.2660760420950957,4.035556254807296,-0.7694837640638655
-1.272030390687223,-0.9305931628437382,1.367588928314839,0.12424772123093437,0.6831300510639733,-0.4648444922875286,-0.6059964013243635,1.042212500669477,-0.41803980857497053,-0.11203705304599067,-0.9674709297958262,-0.6961771158887059,1.0954451150103321,-0.27487370837451075,-0.529550073574993,-0.3617196725301613,-0.2660760420950957,-0.24779731389167609,-0.7694837640638655
-0.7229198759774336,-0.0942343658338914,-0.4872514596478013,-0.7299553622317405,-1.4638501094227996,-0.4648444922875286,1.6501748159140361,-0.959497222838566,-0.41803980857497053,-0.11203705304599067,-0.9674709297958262,-0.6961771158887059,-0.9128709291752769,-0.27487370837451075,-0.529550073574993,-0.3617196725301613,-0.2660760420950957,-0.24779731389167609,-0.7694837640638655
1.363700079919766,-1.766951959853585,-1.1055315889686814,-0.13201320380786802,0.6831300510639733,-0.4648444922875286,-0.6059964013243635,1.042212500669477,-0.41803980857497053,-0.11203705304599067,1.033622788243404,1.436416074555178,1.0954451150103321,-0.27487370837451075,-0.529550073574993,2.7645717829090897,-0.2660760420950957,-0.24779731389167609,-0.7694837640638655
0.3753011534421452,-0.6518068971737893,0.4401687343335189,0.6367695713085394,0.6831300510639733,2.151257068958563,-0.6059964013243635,-0.959497222838566,-0.41803980857497053,-0.11203705304599067,1.033622788243404,-0.6961771158887059,1.0954451150103321,-0.27487370837451075,-0.529550073574993,-0.3617196725301613,-0.2660760420950957,-0.24779731389167609,-0.7694837640638655
1.0342337710938925,-0.3730206315038403,-0.8405543906883042,0.6367695713085394,0.6831300510639733,-0.4648444922875286,1.6501748159140361,-0.959497222838566,-0.41803980857497053,-0.11203705304599067,-0.9674709297958262,1.436416074555178,1.0954451150103321,-0.27487370837451075,-0.529550073574993,-0.3617196725301613,-0.2660760420950957,-0.24779731389167609,1.2995725793078619
-0.06398725832568632,-0.4287778846378301,-1.8121374510496873,0.9784508046936095,0.6831300510639733,-0.4648444922875286,-0.6059964013243635,1.042212500669477,-0.41803980857497053,-0.11203705304599067,1.033622788243404,1.436416074555178,1.0954451150103321,-0.27487370837451075,1.888395545390069,-0.3617196725301613,-0.2660760420950957,-0.24779731389167609,1.2995725793078619
1.0342337710938925,-1.209379428513687,-0.26643712774748696,0.6367695713085394,0.6831300510639733,-0.4648444922875286,-0.6059964013243635,-0.959497222838566,-0.41803980857497053,-0.11203705304599067,1.033622788243404,1.436416074555178,1.0954451150103321,-0.27487370837451075,-0.529550073574993,-0.3617196725301613,-0.2660760420950957,-0.24779731389167609,-0.7694837640638655
-1.162208287745265,-0.0942343658338914,1.676728992975279,-0.9007959789242754,0.6831300510639733,2.151257068958563,-0.6059964013243635,-0.959497222838566,-0.41803980857497053,-0.11203705304599067,1.033622788243404,-0.6961771158887059,-0.9128709291752769,-0.27487370837451075,-0.529550073574993,-0.3617196725301613,-0.2660760420950957,-0.24779731389167609,-0.7694837640638655
-0.28363146420960206,-0.3730206315038403,0.7934716653740218,-0.04659289546160056,0.6831300510639733,-0.4648444922875286,-0.6059964013243635,1.042212500669477,-0.41803980857497053,-0.11203705304599067,-0.9674709297958262,-0.6961771158887059,-0.9128709291752769,-0.27487370837451075,-0.529550073574993,2.7645717829090897,-0.2660760420950957,-0.24779731389167609,1.2995725793078619
-0.8327419789193915,-1.3208939347816666,0.08686580329301595,-0.9007959789242754,0.6831300510639733,-0.4648444922875286,1.6501748159140361,-0.959497222838566,-0.41803980857497053,-0.11203705304599067,-0.9674709297958262,-0.6961771158887059,-0.9128709291752769,-0.27487370837451075,-0.529550073574993,-0.3617196725301613,-0.2660760420950957,-0.24779731389167609,-0.7694837640638655
-0.06398725832568632,-1.209379428513687,-1.85630031742975,-0.9007959789242754,0.6831300510639733,-0.4648444922875286,-0.6059964013243635,1.042212500669477,-0.41803980857497053,-0.11203705304599067,1.033622788243404,1.436416074555178,1.0954451150103321,-0.27487370837451075,1.888395545390069,-0.3617196725301613,-0.2660760420950957,-0.24779731389167609,-0.7694837640638655
-1.162208287745265,-0.6518068971737893,0.8817973981341475,-0.9007959789242754,0.6831300510639733,2.151257068958563,-0.6059964013243635,-0.959497222838566,-0.41803980857497053,-0.11203705304599067,-0.9674709297958262,-0.6961771158887059,-0.9128709291752769,-0.27487370837451075,-0.529550073574993,-0.3617196725301613,-0.2660760420950957,-0.24779731389167609,-0.7694837640638655
-1.4916745965711387,-0.6518068971737893,1.4117517946949019,-0.9007959789242754,0.6831300510639733,2.151257068958563,-0.6059964013243635,-0.959497222838566,-0.41803980857497053,-0.11203705304599067,-0.9674709297958262,-0.6961771158887059,-0.9128709291752769,-0.27487370837451075,-0.529550073574993,-0.3617196725301613,-0.2660760420950957,-0.24779731389167609,-0.7694837640638655
-0.39345356715155994,0.4633381655060064,1.5884032602151534,-0.9007959789242754,0.6831300510639733,-0.4648444922875286,-0.6059964013243635,1.042212500669477,-0.41803980857497053,-0.11203705304599067,1.033622788243404,1.436416074555178,-0.9128709291752769,-0.27487370837451075,-0.529550073574993,-0.3617196725301613,-0.2660760420950957,-0.24779731389167609,-0.7694837640638655
1.473522182861724,2.6936282908655977,-0.001459929467109786,0.4659289546160044,0.6831300510639733,-0.4648444922875286,1.6501748159140361,-0.959497222838566,2.39211668240122,-0.11203705304599067,1.033622788243404,1.436416074555178,1.0954451150103321,-0.27487370837451075,-0.529550073574993,-0.3617196725301613,-0.2660760420950957,-0.24779731389167609,1.2995725793078619
0.7047674622680189,0.12879464670206772,-0.22227426136742412,1.3201320380786792,0.6831300510639733,-0.4648444922875286,-0.6059964013243635,-0.959497222838566,-0.41803980857497053,-0.11203705304599067,-0.9674709297958262,-0.6961771158887059,1.0954451150103321,-0.27487370837451075,-0.529550073574993,2.7645717829090897,-0.2660760420950957,-0.24779731389167609,-0.7694837640638655
-0.5032756700935178,-1.209379428513687,0.396005867953456,-0.9007959789242754,-1.4638501094227996,-0.4648444922875286,-0.6059964013243635,1.042212500669477,-0.41803980857497053,-0.11203705304599067,1.033622788243404,-0.6961771158887059,-0.9128709291752769,-0.27487370837451075,-0.529550073574993,-0.3617196725301613,-0.2660760420950957,-0.24779731389167609,-0.7694837640638655
0.3753011534421452,-0.6518068971737893,0.9701231308942733,-0.9007959789242754,-1.4638501094227996,-0.4648444922875286,1.6501748159140361,-0.959497222838566,-0.41803980857497053,-0.11203705304599067,-0.9674709297958262,-0.6961771158887059,-0.9128709291752769,-0.27487370837451075,-0.529550073574993,-0.3617196725301613,-0.2660760420950957,-0.24779731389167609,-0.7694837640638655
-1.0523861848033071,-1.0978649222457075,-0.5314143260278642,-0.9007959789242754,-1.4638501094227996,2.151257068958563,-0.6059964013243635,-0.959497222838566,-0.41803980857497053,-0.11203705304599067,-0.9674709297958262,-0.6961771158887059,1.0954451150103321,-0.27487370837451075,-0.529550073574993,-0.3617196725301613,-0.2660760420950957,-0.24779731389167609,-0.7694837640638655
-0.39345356715155994,-0.3730206315038403,0.705145932613896,1.1492914213861443,0.6831300510639733,-0.4648444922875286,1.6501748159140361,-0.959497222838566,2.39211668240122,-0.11203705304599067,1.033622788243404,-0.6961771158887059,1.0954451150103321,-0.27487370837451075,-0.529550073574993,-0.3617196725301613,-0.2660760420950957,-0.24779731389167609,-0.7694837640638655
-1.7113188024550545,-0.7633214034417688,-0.4430885932677384,0.12424772123093437,0.6831300510639733,-0.4648444922875286,-0.6059964013243635,1.042212500669477,-0.41803980857497053,-0.11203705304599067,-0.9674709297958262,-0.6961771158887059,1.0954451150103321,-0.27487370837451075,-0.529550073574993,-0.3617196725301613,-0.2660760420950957,-0.24779731389167609,1.2995725793078619
-0.7229198759774336,-0.0942343658338914,1.3234260619347762,-0.7299553622317405,0.6831300510639733,2.151257068958563,-0.6059964013243635,-0.959497222838566,-0.41803980857497053,-0.11203705304599067,1.033622788243404,-0.6961771158887059,1.0954451150103321,-0.27487370837451075,-0.529550073574993,-0.3617196725301613,-0.2660760420950957,-0.24779731389167609,-0.7694837640638655
-0.5032756700935178,-0.6518068971737893,0.35184300157339315,0.4659289546160044,-1.4638501094227996,-0.4648444922875286,1.6501748159140361,-0.959497222838566,-0.41803980857497053,-0.11203705304599067,-0.9674709297958262,-0.6961771158887059,1.0954451150103321,-0.27487370837451075,-0.529550073574993,-0.3617196725301613,-0.2660760420950957,-0.24779731389167609,-0.7694837640638655
-1.0523861848033071,-0.0942343658338914,1.1026117300344618,-0.3882741288466705,-1.4638501094227996,2.151257068958563,-0.6059964013243635,-0.959497222838566,-0.41803980857497053,-0.11203705304599067,1.033622788243404,-0.6961771158887059,1.0954451150103321,-0.27487370837451075,-0.529550073574993,-0.3617196725301613,-0.2660760420950957,-0.24779731389167609,-0.7694837640638655
0.26547905050018733,1.1324252031138837,-2.7395576450310073,0.12424772123093437,0.6831300510639733,-0.4648444922875286,-0.6059964013243635,1.042212500669477,-0.41803980857497053,-0.11203705304599067,-0.9674709297958262,1.436416074555178,1.0954451150103321,-0.27487370837451075,1.888395545390069,-0.3617196725301613,-0.2660760420950957,-0.24779731389167609,1.2995725793078619
0.3753011534421452,-0.0942343658338914,-0.8405543906883042,-0.3882741288466705,-1.4638501094227996,-0.4648444922875286,-0.6059964013243635,1.042212500669477,-0.41803980857497053,-0.11203705304599067,-0.9674709297958262,-0.6961771158887059,1.0954451150103321,-0.27487370837451075,-0.529550073574993,-0.3617196725301613,-0.2660760420950957,-0.24779731389167609,-0.7694837640638655
0.8145895652099767,-0.4287778846378301,0.5726573334737075,-0.9007959789242754,-1.4638501094227996,-0.4648444922875286,-0.6059964013243635,1.042212500669477,-0.41803980857497053,-0.11203705304599067,-0.9674709297958262,-0.6961771158887059,-0.9128709291752769,-0.27487370837451075,-0.529550073574993,-0.3617196725301613,-0.2660760420950957,-0.24779731389167609,-0.7694837640638655
0.15565694755822945,-0.6518068971737893,0.5284944670936446,0.7221898796548067,0.6831300510639733,-0.4648444922875286,-0.6059964013243635,-0.959497222838566,-0.41803980857497053,-0.11203705304599067,1.033622788243404,-0.6961771158887059,1.0954451150103321,-0.27487370837451075,-0.529550073574993,-0.3617196725301613,-0.2660760420950957,-0.24779731389167609,1.2995725793078619
-1.6014966995130966,1.1324252031138837,1.367588928314839,-0.9007959789242754,0.6831300510639733,-0.4648444922875286,-0.6059964013243635,1.042212500669477,-0.41803980857497053,-0.11203705304599067,-0.9674709297958262,-0.6961771158887059,-0.9128709291752769,-0.27487370837451075,-0.529550073574993,-0.3617196725301613,-0.2660760420950957,-0.24779731389167609,1.2995725793078619
-2.150607214222886,-0.6518068971737893,-0.8847172570683671,0.4659289546160044,0.6831300510639733,-0.4648444922875286,-0.6059964013243635,1.042212500669477,-0.41803980857497053,-0.11203705304599067,-0.9674709297958262,1.436416074555178,1.0954451150103321,-0.27487370837451075,-0.529550073574993,-0.3617196725301613,-0.2660760420950957,-0.24779731389167609,1.2995725793078619
1.583344285803682,0.4633381655060064,-0.17811139498736125,0.8076101880010743,0.6831300510639733,-0.4648444922875286,1.6501748159140361,-0.959497222838566,-0.41803980857497053,-0.11203705304599067,1.033622788243404,-0.6961771158887059,1.0954451150103321,-0.27487370837451075,-0.529550073574993,-0.3617196725301613,3.758324094593227,-0.24779731389167609,1.2995725793078619
-2.809539831874633,-0.0942343658338914,2.2950091222961593,-0.9007959789242754,0.6831300510639733,2.151257068958563,-0.6059964013243635,-0.959497222838566,-0.41803980857497053,-0.11203705304599067,1.033622788243404,-0.6961771158887059,-0.9128709291752769,-0.27487370837451075,-0.529550073574993,-0.3617196725301613,-0.2660760420950957,-0.24779731389167609,-0.7694837640638655
-2.150607214222886,-0.3172633783698505,0.2635172688132674,-0.9007959789242754,0.6831300510639733,-0.4648444922875286,-0.6059964013243635,1.042212500669477,-0.41803980857497053,-0.11203705304599067,1.033622788243404,1.436416074555178,-0.9128709291752769,-0.27487370837451075,-0.529550073574993,-0.3617196725301613,-0.2660760420950957,-0.24779731389167609,1.2995725793078619
-0.39345356715155994,-0.6518068971737893,0.30768013519333026,-0.3882741288466705,-1.4638501094227996,-0.4648444922875286,1.6501748159140361,-0.959497222838566,-0.41803980857497053,-0.11203705304599067,1.033622788243404,-0.6961771158887059,-0.9128709291752769,-0.27487370837451075,-0.529550073574993,-0.3617196725301613,-0.2660760420950957,-0.24779731389167609,-0.7694837640638655
-0.28363146420960206,-1.0978649222457075,0.4401687343335189,-0.9007959789242754,0.6831300510639733,-0.4648444922875286,-0.6059964013243635,1.042212500669477,-0.41803980857497053,-0.11203705304599067,-0.9674709297958262,-0.6961771158887059,-0.9128709291752769,-0.27487370837451075,1.888395545390069,-0.3617196725301613,-0.2660760420950957,-0.24779731389167609,-0.7694837640638655
-0.5032756700935178,-0.6518068971737893,0.5284944670936446,0.038827412884667005,-1.4638501094227996,2.151257068958563,-0.6059964013243635,-0.959497222838566,-0.41803980857497053,-0.11203705304599067,-0.9674709297958262,-0.6961771158887059,-0.9128709291752769,-0.27487370837451075,-0.529550073574993,-0.3617196725301613,-0.2660760420950957,-0.24779731389167609,-0.7694837640638655
-0.28363146420960206,-0.20574887210187098,1.5000775274550275,-0.9007959789242754,0.6831300510639733,2.151257068958563,-0.6059964013243635,-0.959497222838566,2.39211668240122,-0.11203705304599067,-0.9674709297958262,-0.6961771158887059,-0.9128709291752769,-0.27487370837451075,-0.529550073574993,-0.3617196725301613,-0.2660760420950957,-0.24779731389167609,-0.7694837640638655
-0.06398725832568632,-0.6518068971737893,-0.1339485286072984,-0.5591147455392055,0.6831300510639733,-0.4648444922875286,1.6501748159140361,-0.959497222838566,-0.41803980857497053,-0.11203705304599067,1.033622788243404,-0.6961771158887059,1.0954451150103321,-0.27487370837451075,-0.529550073574993,-0.3617196725301613,-0.2660760420950957,-0.24779731389167609,1.2995725793078619
1.1440558740358504,0.18455189983605752,-1.0172058562085557,1.490972654771214,0.6831300510639733,-0.4648444922875286,-0.6059964013243635,1.042212500669477,-0.41803980857497053,-0.11203705304599067,1.033622788243404,-0.6961771158887059,1.0954451150103321,-0.27487370837451075,1.888395545390069,-0.3617196725301613,-0.2660760420950957,-0.24779731389167609,1.2995725793078619
1.363700079919766,1.1324252031138837,0.9701231308942733,-0.9007959789242754,-1.4638501094227996,-0.4648444922875286,1.6501748159140361,-0.959497222838566,-0.41803980857497053,-0.11203705304599067,-0.9674709297958262,-0.6961771158887059,-0.9128709291752769,-0.27487370837451075,1.888395545390069,-0.3617196725301613,-0.2660760420950957,-0.24779731389167609,-0.7694837640638655
-0.7229198759774336,-1.209379428513687,0.7934716653740218,-0.04659289546160056,0.6831300510639733,2.151257068958563,-0.6059964013243635,-0.959497222838566,-0.41803980857497053,-0.11203705304599067,-0.9674709297958262,-0.6961771158887059,-0.9128709291752769,3.638034375544995,-0.529550073574993,-0.3617196725301613,-0.2660760420950957,-0.24779731389167609,1.2995725793078619
-1.381852493629181,-0.6518068971737893,1.014285997274336,-0.9007959789242754,-1.4638501094227996,-0.4648444922875286,1.6501748159140361,-0.959497222838566,-0.41803980857497053,-0.11203705304599067,-0.9674709297958262,-0.6961771158887059,1.0954451150103321,-0.27487370837451075,-0.529550073574993,-0.3617196725301613,-0.2660760420950957,-0.24779731389167609,-0.7694837640638655
1.0342337710938925,0.7421244311759554,-0.7963915243082413,0.8076101880010743,0.6831300510639733,-0.4648444922875286,-0.6059964013243635,1.042212500669477,-0.41803980857497053,-0.11203705304599067,1.033622788243404,-0.6961771158887059,1.0954451150103321,-0.27487370837451075,-0.529550073574993,2.7645717829090897,-0.2660760420950957,4.035556254807296,-0.7694837640638655
1.1440558740358504,-0.6518068971737893,-0.4430885932677384,-0.5591147455392055,0.6831300510639733,-0.4648444922875286,-0.6059964013243635,1.042212500669477,-0.41803980857497053,-0.11203705304599067,-0.9674709297958262,-0.6961771158887059,-0.9128709291752769,-0.27487370837451075,-0.529550073574993,-0.3617196725301613,-0.2660760420950957,-0.24779731389167609,1.2995725793078619
1.473522182861724,-0.6518068971737893,-1.54716025276931,0.38050864626973685,-1.4638501094227996,-0.4648444922875286,1.6501748159140361,-0.959497222838566,-0.41803980857497053,-0.11203705304599067,1.033622788243404,-0.6961771158887059,1.0954451150103321,-0.27487370837451075,-0.529550073574993,-0.3617196725301613,-0.2660760420950957,-0.24779731389167609,-0.7694837640638655
0.3753011534421452,0.2403091529700473,0.08686580329301595,-0.9007959789242754,-1.4638501094227996,2.151257068958563,-0.6059964013243635,-0.959497222838566,2.39211668240122,-0.11203705304599067,1.033622788243404,-0.6961771158887059,-0.9128709291752769,-0.27487370837451075,-0.529550073574993,2.7645717829090897,-0.2660760420950957,-0.24779731389167609,-0.7694837640638655
-0.06398725832568632,0.4633381655060064,0.4401687343335189,0.12424772123093437,0.6831300510639733,-0.4648444922875286,-0.6059964013243635,1.042212500669477,-0.41803980857497053,-0.11203705304599067,-0.9674709297958262,-0.6961771158887059,-0.9128709291752769,-0.27487370837451075,-0.529550073574993,-0.3617196725301613,-0.2660760420950957,-0.24779731389167609,-0.7694837640638655
-1.6014966995130966,-1.209379428513687,-1.5913231191493729,0.8076101880010743,0.6831300510639733,-0.4648444922875286,-0.6059964013243635,1.042212500669477,-0.41803980857497053,-0.11203705304599067,1.033622788243404,1.436416074555178,1.0954451150103321,-0.27487370837451075,-0.529550073574993,-0.3617196725301613,-0.2660760420950957,-0.24779731389167609,1.2995725793078619
0.15565694755822945,0.01728014043408816,-1.9887889165699386,0.8930304963473419,0.6831300510639733,-0.4648444922875286,-0.6059964013243635,1.042212500669477,-0.41803980857497053,-0.11203705304599067,1.033622788243404,1.436416074555178,1.0954451150103321,-0.27487370837451075,1.888395545390069,-0.3617196725301613,-0.2660760420950957,4.035556254807296,-0.7694837640638655
1.0342337710938925,2.6936282908655977,0.17519153605314167,-0.9007959789242754,-1.4638501094227996,-0.4648444922875286,-0.6059964013243635,1.042212500669477,-0.41803980857497053,-0.11203705304599067,-0.9674709297958262,1.436416074555178,-0.9128709291752769,-0.27487370837451075,-0.529550073574993,-0.3617196725301613,-0.2660760420950957,-0.24779731389167609,-0.7694837640638655
-0.5032756700935178,0.6863671780419656,-1.0613687225886186,-0.13201320380786802,0.6831300510639733,-0.4648444922875286,-0.6059964013243635,1.042212500669477,-0.41803980857497053,-0.11203705304599067,1.033622788243404,1.436416074555178,1.0954451150103321,-0.27487370837451075,-0.529550073574993,-0.3617196725301613,-0.2660760420950957,-0.24779731389167609,1.2995725793078619
1.0342337710938925,-0.0942343658338914,-1.23802018810887,0.8076101880010743,-1.4638501094227996,-0.4648444922875286,-0.6059964013243635,1.042212500669477,-0.41803980857497053,-0.11203705304599067,-0.9674709297958262,-0.6961771158887059,1.0954451150103321,-0.27487370837451075,-0.529550073574993,2.7645717829090897,-0.2660760420950957,-0.24779731389167609,-0.7694837640638655
0.26547905050018733,-1.209379428513687,-0.31059999412754985,1.6618132714637492,0.6831300510639733,-0.4648444922875286,-0.6059964013243635,1.042212500669477,-0.41803980857497053,-0.11203705304599067,-0.9674709297958262,1.436416074555178,1.0954451150103321,-0.27487370837451075,1.888395545390069,-0.3617196725301613,-0.2660760420950957,-0.24779731389167609,1.2995725793078619
-1.8211409053970125,-0.6518068971737893,1.4117517946949019,2.345175738233889,0.6831300510639733,-0.4648444922875286,-0.6059964013243635,-0.959497222838566,-0.41803980857497053,-0.11203705304599067,-0.9674709297958262,1.436416074555178,1.0954451150103321,-0.27487370837451075,-0.529550073574993,-0.3617196725301613,-0.2660760420950957,-0.24779731389167609,1.2995725793078619
0.26547905050018733,1.0209106968459043,1.058448863654399,0.4659289546160044,0.6831300510639733,-0.4648444922875286,1.6501748159140361,-0.959497222838566,-0.41803980857497053,-0.11203705304599067,-0.9674709297958262,-0.6961771158887059,-0.9128709291752769,-0.27487370837451075,-0.529550073574993,-0.3617196725301613,-0.2660760420950957,-0.24779731389167609,-0.7694837640638655
-0.28363146420960206,-0.6518068971737893,0.9701231308942733,-0.7299553622317405,0.6831300510639733,2.151257068958563,-0.6059964013243635,-0.959497222838566,-0.41803980857497053,-0.11203705304599067,-0.9674709297958262,-0.6961771158887059,-0.9128709291752769,-0.27487370837451075,-0.529550073574993,-0.3617196725301613,-0.2660760420950957,-0.24779731389167609,-0.7694837640638655
-1.272030390687223,-1.209379428513687,0.4843316007135817,-0.9007959789242754,0.6831300510639733,-0.4648444922875286,-0.6059964013243635,1.042212500669477,-0.41803980857497053,-0.11203705304599067,-0.9674709297958262,-0.6961771158887059,-0.9128709291752769,-0.27487370837451075,-0.529550073574993,-0.3617196725301613,-0.2660760420950957,-0.24779731389167609,1.2995725793078619
0.3753011534421452,-0.9863504159777279,-0.4430885932677384,2.857697588311494,0.6831300510639733,-0.4648444922875286,-0.6059964013243635,1.042212500669477,-0.41803980857497053,8.925618559330589,-0.9674709297958262,-0.6961771158887059,-0.9128709291752769,3.638034375544995,-0.529550073574993,-0.3617196725301613,3.758324094593227,4.035556254807296,-0.7694837640638655
-0.1738093612676442,-0.0942343658338914,0.08686580329301595,0.12424772123093437,0.6831300510639733,-0.4648444922875286,1.6501748159140361,-0.959497222838566,2.39211668240122,-0.11203705304599067,1.033622788243404,-0.6961771158887059,-0.9128709291752769,3.638034375544995,-0.529550073574993,-0.3617196725301613,-0.2660760420950957,-0.24779731389167609,-0.7694837640638655
0.26547905050018733,0.01728014043408816,0.7934716653740218,-0.9007959789242754,0.6831300510639733,-0.4648444922875286,-0.6059964013243635,1.042212500669477,-0.41803980857497053,-0.11203705304599067,-0.9674709297958262,1.436416074555178,-0.9128709291752769,-0.27487370837451075,-0.529550073574993,-0.3617196725301613,-0.2660760420950957,-0.24779731389167609,1.2995725793078619
-0.06398725832568632,0.18455189983605752,0.8817973981341475,-0.9007959789242754,-1.4638501094227996,-0.4648444922875286,1.6501748159140361,-0.959497222838566,2.39211668240122,-0.11203705304599067,-0.9674709297958262,-0.6961771158887059,-0.9128709291752769,-0.27487370837451075,-0.529550073574993,-0.3617196725301613,-0.2660760420950957,-0.24779731389167609,-0.7694837640638655
0.4851232563841031,1.8015122407217612,-2.6512319122708816,-0.04659289546160056,0.6831300510639733,-0.4648444922875286,-0.6059964013243635,1.042212500669477,2.39211668240122,-0.11203705304599067,1.033622788243404,-0.6961771158887059,1.0954451150103321,-0.27487370837451075,-0.529550073574993,2.7645717829090897,-0.2660760420950957,4.035556254807296,-0.7694837640638655
0.594945359326061,0.4633381655060064,0.21935440243320453,1.6618132714637492,0.6831300510639733,-0.4648444922875286,1.6501748159140361,-0.959497222838566,-0.41803980857497053,-0.11203705304599067,1.033622788243404,-0.6961771158887059,1.0954451150103321,-0.27487370837451075,-0.529550073574993,-0.3617196725301613,-0.2660760420950957,-0.24779731389167609,-0.7694837640638655
-1.381852493629181,-0.6518068971737893,0.5284944670936446,-0.9007959789242754,0.6831300510639733,2.151257068958563,-0.6059964013243635,-0.959497222838566,-0.41803980857497053,-0.11203705304599067,-0.9674709297958262,-0.6961771158887059,-0.9128709291752769,-0.27487370837451075,-0.529550073574993,-0.3617196725301613,-0.2660760420950957,-0.24779731389167609,-0.7694837640638655
-0.8327419789193915,-1.0978649222457075,-0.31059999412754985,-0.815375670578008,0.6831300510639733,-0.4648444922875286,-0.6059964013243635,1.042212500669477,-0.41803980857497053,-0.11203705304599067,-0.9674709297958262,-0.6961771158887059,-0.9128709291752769,-0.27487370837451075,-0.529550073574993,-0.3617196725301613,-0.2660760420950957,-0.24779731389167609,-0.7694837640638655
-1.4916745965711387,-0.0942343658338914,0.9701231308942733,0.29508833792346933,-1.4638501094227996,2.151257068958563,-0.6059964013243635,-0.959497222838566,-0.41803980857497053,-0.11203705304599067,1.033622788243404,-0.6961771158887059,-0.9128709291752769,-0.27487370837451075,-0.529550073574993,-0.3617196725301613,-0.2660760420950957,-0.24779731389167609,-0.7694837640638655
-0.28363146420960206,0.12879464670206772,0.35184300157339315,-0.21743351215413548,0.6831300510639733,2.151257068958563,-0.6059964013243635,-0.959497222838566,-0.41803980857497053,-0.11203705304599067,-0.9674709297958262,-0.6961771158887059,-0.9128709291752769,-0.27487370837451075,1.888395545390069,-0.3617196725301613,-0.2660760420950957,-0.24779731389167609,-0.7694837640638655
-1.272030390687223,0.01728014043408816,-0.31059999412754985,-0.815375670578008,0.6831300510639733,-0.4648444922875286,-0.6059964013243635,1.042212500669477,2.39211668240122,-0.11203705304599067,1.033622788243404,1.436416074555178,1.0954451150103321,-0.27487370837451075,-0.529550073574993,-0.3617196725301613,-0.2660760420950957,-0.24779731389167609,1.2995725793078619
0.3753011534421452,0.01728014043408816,1.014285997274336,1.8326538881562844,0.6831300510639733,-0.4648444922875286,1.6501748159140361,-0.959497222838566,-0.41803980857497053,-0.11203705304599067,1.033622788243404,-0.6961771158887059,-0.9128709291752769,-0.27487370837451075,-0.529550073574993,2.7645717829090897,-0.2660760420950957,-0.24779731389167609,1.2995725793078619
0.26547905050018733,-0.6518068971737893,0.5726573334737075,-0.3882741288466705,-1.4638501094227996,-0.4648444922875286,-0.6059964013243635,1.042212500669477,-0.41803980857497053,-0.11203705304599067,-0.9674709297958262,1.436416074555178,-0.9128709291752769,-0.27487370837451075,-0.529550073574993,-0.3617196725301613,-0.2660760420950957,-0.24779731389167609,-0.7694837640638655
1.2538779769778083,1.5784832281858021,-1.3263459208689958,-0.9007959789242754,0.6831300510639733,2.151257068958563,-0.6059964013243635,-0.959497222838566,-0.41803980857497053,-0.11203705304599067,-0.9674709297958262,1.436416074555178,1.0954451150103321,-0.27487370837451075,-0.529550073574993,-0.3617196725301613,3.758324094593227,4.035556254807296,-0.7694837640638655
-1.162208287745265,0.4633381655060064,1.3234260619347762,-0.9007959789242754,0.6831300510639733,-0.4648444922875286,1.6501748159140361,-0.959497222838566,-0.41803980857497053,-0.11203705304599067,1.033622788243404,-0.6961771158887059,-0.9128709291752769,-0.27487370837451075,-0.529550073574993,-0.3617196725301613,-0.2660760420950957,-0.24779731389167609,-0.7694837640638655
-0.7229198759774336,-0.5402923909058097,1.5884032602151534,-0.9007959789242754,0.6831300510639733,-0.4648444922875286,-0.6059964013243635,1.042212500669477,-0.41803980857497053,-0.11203705304599067,1.033622788243404,-0.6961771158887059,-0.9128709291752769,-0.27487370837451075,-0.529550073574993,-0.3617196725301613,-0.2660760420950957,-0.24779731389167609,-0.7694837640638655
-0.28363146420960206,-0.7633214034417688,1.7650547257354048,-0.9007959789242754,0.6831300510639733,-0.4648444922875286,-0.6059964013243635,-0.959497222838566,-0.41803980857497053,-0.11203705304599067,1.033622788243404,-0.6961771158887059,1.0954451150103321,-0.27487370837451075,-0.529550073574993,-0.3617196725301613,-0.2660760420950957,4.035556254807296,-0.7694837640638655
0.15565694755822945,-0.6518068971737893,0.8376345317540846,-0.9007959789242754,0.6831300510639733,2.151257068958563,-0.6059964013243635,-0.959497222838566,-0.41803980857497053,-0.11203705304599067,-0.9674709297958262,-0.6961771158887059,-0.9128709291752769,3.638034375544995,-0.529550073574993,-0.3617196725301613,-0.2660760420950957,-0.24779731389167609,-0.7694837640638655
-0.06398725832568632,-1.209379428513687,-1.0613687225886186,1.490972654771214,0.6831300510639733,-0.4648444922875286,-0.6059964013243635,1.042212500669477,-0.41803980857497053,-0.11203705304599067,-0.9674709297958262,1.436416074555178,1.0954451150103321,-0.27487370837451075,1.888395545390069,-0.3617196725301613,-0.2660760420950957,-0.24779731389167609,1.2995725793078619
-1.381852493629181,0.2403091529700473,-1.1055315889686814,0.6367695713085394,0.6831300510639733,-0.4648444922875286,-0.6059964013243635,1.042212500669477,-0.41803980857497053,-0.11203705304599067,-0.9674709297958262,1.436416074555178,1.0954451150103321,-0.27487370837451075,-0.529550073574993,-0.3617196725301613,-0.2660760420950957,4.035556254807296,-0.7694837640638655
-1.272030390687223,-0.0942343658338914,0.5284944670936446,0.7221898796548067,0.6831300510639733,-0.4648444922875286,1.6501748159140361,-0.959497222838566,-0.41803980857497053,-0.11203705304599067,-0.9674709297958262,-0.6961771158887059,-0.9128709291752769,-0.27487370837451075,1.888395545390069,-0.3617196725301613,-0.2660760420950957,-0.24779731389167609,-0.7694837640638655
1.2538779769778083,-0.6518068971737893,0.04270293691295308,-0.5591147455392055,0.6831300510639733,-0.4648444922875286,-0.6059964013243635,1.042212500669477,-0.41803980857497053,-0.11203705304599067,1.033622788243404,-0.6961771158887059,1.0954451150103321,-0.27487370837451075,-0.529550073574993,-0.3617196725301613,-0.2660760420950957,-0.24779731389167609,-0.7694837640638655
1.2538779769778083,-1.0978649222457075,-0.7963915243082413,-0.815375670578008,0.6831300510639733,-0.4648444922875286,-0.6059964013243635,1.042212500669477,-0.41803980857497053,-0.11203705304599067,1.033622788243404,1.436416074555178,-0.9128709291752769,-0.27487370837451075,1.888395545390069,-0.3617196725301613,-0.2660760420950957,-0.24779731389167609,-0.7694837640638655
-0.28363146420960206,-1.3208939347816666,-0.1339485286072984,-0.815375670578008,0.6831300510639733,-0.4648444922875286,-0.6059964013243635,1.042212500669477,2.39211668240122,-0.11203705304599067,-0.9674709297958262,-0.6961771158887059,-0.9128709291752769,-0.27487370837451075,-0.529550073574993,-0.3617196725301613,3.758324094593227,-0.24779731389167609,1.2995725793078619
0.4851232563841031,0.4633381655060064,0.6168201998537703,-0.9007959789242754,0.6831300510639733,2.151257068958563,-0.6059964013243635,-0.959497222838566,-0.41803980857497053,-0.11203705304599067,-0.9674709297958262,1.436416074555178,-0.9128709291752769,-0.27487370837451075,-0.529550073574993,-0.3617196725301613,-0.2660760420950957,-0.24779731389167609,-0.7694837640638655
-1.0523861848033071,-1.5439229473176257,-0.08978566222723551,1.6618132714637492,0.6831300510639733,-0.4648444922875286,-0.6059964013243635,1.042212500669477,-0.41803980857497053,-0.11203705304599067,1.033622788243404,1.436416074555178,1.0954451150103321,-0.27487370837451075,-0.529550073574993,-0.3617196725301613,-0.2660760420950957,-0.24779731389167609,-0.7694837640638655
0.26547905050018733,1.2439397093818634,0.6168201998537703,-0.9007959789242754,0.6831300510639733,2.151257068958563,-0.6059964013243635,-0.959497222838566,-0.41803980857497053,-0.11203705304599067,1.033622788243404,-0.6961771158887059,-0.9128709291752769,-0.27487370837451075,1.888395545390069,-0.3617196725301613,-0.2660760420950957,-0.24779731389167609,-0.7694837640638655
-1.272030390687223,1.0209106968459043,0.9259602645142104,0.38050864626973685,0.6831300510639733,-0.4648444922875286,-0.6059964013243635,1.042212500669477,-0.41803980857497053,-0.11203705304599067,-0.9674709297958262,-0.6961771158887059,-0.9128709291752769,-0.27487370837451075,-0.529550073574993,-0.3617196725301613,-0.2660760420950957,-0.24779731389167609,-0.7694837640638655
0.594945359326061,1.0209106968459043,0.9259602645142104,-0.13201320380786802,-1.4638501094227996,-0.4648444922875286,-0.6059964013243635,-0.959497222838566,-0.41803980857497053,-0.11203705304599067,-0.9674709297958262,-0.6961771158887059,-0.9128709291752769,-0.27487370837451075,-0.529550073574993,-0.3617196725301613,-0.2660760420950957,-0.24779731389167609,-0.7694837640638655
-2.260429317164844,-0.7633214034417688,1.8533804584955305,-0.30285382050040305,-1.4638501094227996,2.151257068958563,-0.6059964013243635,-0.959497222838566,-0.41803980857497053,-0.11203705304599067,-0.9674709297958262,-0.6961771158887059,-0.9128709291752769,-0.27487370837451075,-0.529550073574993,-0.3617196725301613,-0.2660760420950957,-0.24779731389167609,-0.7694837640638655
0.04583484461627156,2.6936282908655977,-1.4588345200091843,2.003494504848819,-1.4638501094227996,-0.4648444922875286,-0.6059964013243635,1.042212500669477,-0.41803980857497053,8.925618559330589,-0.9674709297958262,1.436416074555178,1.0954451150103321,-0.27487370837451075,-0.529550073574993,-0.3617196725301613,-0.2660760420950957,-0.24779731389167609,-0.7694837640638655
0.4851232563841031,0.4633381655060064,0.5284944670936446,-0.9007959789242754,0.6831300510639733,-0.4648444922875286,-0.6059964013243635,1.042212500669477,-0.41803980857497053,-0.11203705304599067,-0.9674709297958262,1.436416074555178,-0.9128709291752769,-0.27487370837451075,1.888395545390069,-0.3617196725301613,-0.2660760420950957,-0.24779731389167609,1.2995725793078619
1.473522182861724,0.6863671780419656,-0.3989257268876756,2.003494504848819,0.6831300510639733,-0.4648444922875286,-0.6059964013243635,1.042212500669477,2.39211668240122,-0.11203705304599067,-0.9674709297958262,-0.6961771158887059,1.0954451150103321,-0.27487370837451075,-0.529550073574993,2.7645717829090897,-0.2660760420950957,-0.24779731389167609,1.2995725793078619
1.2538779769778083,2.582113784597618,0.6609830662338332,-0.04659289546160056,-1.4638501094227996,-0.4648444922875286,-0.6059964013243635,1.042212500669477,2.39211668240122,-0.11203705304599067,-0.9674709297958262,1.436416074555178,1.0954451150103321,-0.27487370837451075,-0.529550073574993,2.7645717829090897,-0.2660760420950957,-0.24779731389167609,1.2995725793078619
-0.39345356715155994,0.4633381655060064,-1.23802018810887,2.686856971618959,0.6831300510639733,-0.4648444922875286,-0.6059964013243635,1.042212500669477,-0.41803980857497053,-0.11203705304599067,-0.9674709297958262,1.436416074555178,1.0954451150103321,-0.27487370837451075,-0.529550073574993,-0.3617196725301613,3.758324094593227,-0.24779731389167609,1.2995725793078619
0.7047674622680189,0.4633381655060064,-0.5314143260278642,0.7221898796548067,0.6831300510639733,-0.4648444922875286,-0.6059964013243635,1.042212500669477,-0.41803980857497053,-0.11203705304599067,1.033622788243404,1.436416074555178,-0.9128709291752769,-0.27487370837451075,1.888395545390069,-0.3617196725301613,-0.2660760420950957,-0.24779731389167609,1.2995725793078619
1.363700079919766,-0.6518068971737893,-3.490326373492076,-0.04659289546160056,0.6831300510639733,-0.4648444922875286,-0.6059964013243635,1.042212500669477,-0.41803980857497053,-0.11203705304599067,-0.9674709297958262,-0.6961771158887059,1.0954451150103321,-0.27487370837451075,-0.529550073574993,-0.3617196725301613,-0.2660760420950957,-0.24779731389167609,-0.7694837640638655
-0.9425640818613493,1.0209106968459043,-0.1339485286072984,2.174335121541354,0.6831300510639733,-0.4648444922875286,1.6501748159140361,-0.959497222838566,-0.41803980857497053,-0.11203705304599067,-0.9674709297958262,-0.6961771158887059,1.0954451150103321,-0.27487370837451075,-0.529550073574993,-0.3617196725301613,-0.2660760420950957,-0.24779731389167609,-0.7694837640638655
-0.39345356715155994,0.4633381655060064,1.014285997274336,0.4659289546160044,0.6831300510639733,-0.4648444922875286,-0.6059964013243635,1.042212500669477,-0.41803980857497053,-0.11203705304599067,-0.9674709297958262,1.436416074555178,-0.9128709291752769,-0.27487370837451075,-0.529550073574993,-0.3617196725301613,-0.2660760420950957,-0.24779731389167609,1.2995725793078619
2.461921109339345,-0.3730206315038403,0.5284944670936446,-0.9007959789242754,0.6831300510639733,-0.4648444922875286,-0.6059964013243635,1.042212500669477,-0.41803980857497053,-0.11203705304599067,1.033622788243404,1.436416074555178,-0.9128709291752769,-0.27487370837451075,-0.529550073574993,-0.3617196725301613,3.758324094593227,-0.24779731389167609,-0.7694837640638655
-0.28363146420960206,-0.20574887210187098,0.4843316007135817,-0.9007959789242754,0.6831300510639733,-0.4648444922875286,-0.6059964013243635,1.042212500669477,-0.41803980857497053,-0.11203705304599067,-0.9674709297958262,1.436416074555178,-0.9128709291752769,-0.27487370837451075,1.888395545390069,-0.3617196725301613,-0.2660760420950957,-0.24779731389167609,1.2995725793078619
-1.381852493629181,0.4633381655060064,1.2351003291746505,-0.9007959789242754,0.6831300510639733,-0.4648444922875286,-0.6059964013243635,1.042212500669477,-0.41803980857497053,-0.11203705304599067,-0.9674709297958262,-0.6961771158887059,-0.9128709291752769,-0.27487370837451075,-0.529550073574993,-0.3617196725301613,-0.2660760420950957,-0.24779731389167609,-0.7694837640638655
0.04583484461627156,0.18455189983605752,0.4843316007135817,0.29508833792346933,-1.4638501094227996,2.151257068958563,-0.6059964013243635,-0.959497222838566,-0.41803980857497053,-0.11203705304599067,1.033622788243404,-0.6961771158887059,1.0954451150103321,-0.27487370837451075,-0.529550073574993,-0.3617196725301613,-0.2660760420950957,-0.24779731389167609,-0.7694837640638655
1.1440558740358504,0.35182365923802683,1.058448863654399,0.29508833792346933,0.6831300510639733,-0.4648444922875286,-0.6059964013243635,-0.959497222838566,2.39211668240122,-0.11203705304599067,1.033622788243404,-0.6961771158887059,1.0954451150103321,-0.27487370837451075,1.888395545390069,-0.3617196725301613,-0.2660760420950957,-0.24779731389167609,-0.7694837640638655
1.8029884916875976,-1.209379428513687,-0.8847172570683671,-0.9007959789242754,-1.4638501094227996,-0.4648444922875286,1.6501748159140361,-0.959497222838566,2.39211668240122,-0.11203705304599067,1.033622788243404,-0.6961771158887059,-0.9128709291752769,-0.27487370837451075,1.888395545390069,-0.3617196725301613,-0.2660760420950957,-0.24779731389167609,-0.7694837640638655
0.8145895652099767,0.4633381655060064,0.30768013519333026,0.12424772123093437,-1.4638501094227996,-0.4648444922875286,-0.6059964013243635,1.042212500669477,-0.41803980857497053,-0.11203705304599067,1.033622788243404,-0.6961771158887059,1.0954451150103321,-0.27487370837451075,-0.529550073574993,-0.3617196725301613,-0.2660760420950957,-0.24779731389167609,-0.7694837640638655
0.15565694755822945,-0.3730206315038403,-0.26643712774748696,0.12424772123093437,0.6831300510639733,-0.4648444922875286,-0.6059964013243635,1.042212500669477,2.39211668240122,-0.11203705304599067,1.033622788243404,1.436416074555178,1.0954451150103321,-0.27487370837451075,1.888395545390069,-0.3617196725301613,-0.2660760420950957,-0.24779731389167609,-0.7694837640638655
0.3753011534421452,1.0209106968459043,-1.7238117182895616,-0.21743351215413548,0.6831300510639733,-0.4648444922875286,-0.6059964013243635,1.042212500669477,-0.41803980857497053,-0.11203705304599067,1.033622788243404,1.436416074555178,-0.9128709291752769,-0.27487370837451075,-0.529550073574993,-0.3617196725301613,-0.2660760420950957,-0.24779731389167609,1.2995725793078619
0.26547905050018733,-0.0942343658338914,1.058448863654399,-0.9007959789242754,-1.4638501094227996,2.151257068958563,-0.6059964013243635,-0.959497222838566,-0.41803980857497053,-0.11203705304599067,1.033622788243404,-0.6961771158887059,1.0954451150103321,-0.27487370837451075,1.888395545390069,-0.3617196725301613,-0.2660760420950957,-0.24779731389167609,-0.7694837640638655
0.7047674622680189,-0.6518068971737893,-0.4430885932677384,2.174335121541354,0.6831300510639733,-0.4648444922875286,-0.6059964013243635,1.042212500669477,-0.41803980857497053,-0.11203705304599067,-0.9674709297958262,1.436416074555178,1.0954451150103321,-0.27487370837451075,1.888395545390069,-0.3617196725301613,-0.2660760420950957,-0.24779731389167609,1.2995725793078619
0.9244116681519347,-0.0942343658338914,-0.7963915243082413,0.6367695713085394,0.6831300510639733,-0.4648444922875286,-0.6059964013243635,1.042212500669477,2.39211668240122,-0.11203705304599067,1.033622788243404,1.436416074555178,-0.9128709291752769,-0.27487370837451075,-0.529550073574993,-0.3617196725301613,3.758324094593227,-0.24779731389167609,1.2995725793078619
0.8145895652099767,-0.6518068971737893,-2.253766114850316,0.6367695713085394,0.6831300510639733,-0.4648444922875286,-0.6059964013243635,1.042212500669477,-0.41803980857497053,-0.11203705304599067,-0.9674709297958262,1.436416074555178,1.0954451150103321,-0.27487370837451075,-0.529550073574993,2.7645717829090897,-0.2660760420950957,-0.24779731389167609,1.2995725793078619
1.473522182861724,-0.7633214034417688,0.04270293691295308,-0.04659289546160056,0.6831300510639733,-0.4648444922875286,1.6501748159140361,-0.959497222838566,-0.41803980857497053,-0.11203705304599067,-0.9674709297958262,-0.6961771158887059,-0.9128709291752769,-0.27487370837451075,1.888395545390069,-0.3617196725301613,-0.2660760420950957,-0.24779731389167609,1.2995725793078619
0.4851232563841031,-0.3172633783698505,-0.7080657915481157,0.9784508046936095,0.6831300510639733,-0.4648444922875286,1.6501748159140361,-0.959497222838566,2.39211668240122,-0.11203705304599067,-0.9674709297958262,-0.6961771158887059,1.0954451150103321,-0.27487370837451075,1.888395545390069,-0.3617196725301613,-0.2660760420950957,4.035556254807296,-0.7694837640638655
-1.0523861848033071,-0.20574887210187098,0.8817973981341475,-0.9007959789242754,0.6831300510639733,2.151257068958563,-0.6059964013243635,-0.959497222838566,-0.41803980857497053,-0.11203705304599067,1.033622788243404,-0.6961771158887059,-0.9128709291752769,-0.27487370837451075,-0.529550073574993,-0.3617196725301613,-0.2660760420950957,-0.24779731389167609,-0.7694837640638655
-0.39345356715155994,-0.3730206315038403,-1.1055315889686814,0.29508833792346933,0.6831300510639733,-0.4648444922875286,-0.6059964013243635,-0.959497222838566,-0.41803980857497053,-0.11203705304599067,1.033622788243404,1.436416074555178,-0.9128709291752769,-0.27487370837451075,1.888395545390069,-0.3617196725301613,-0.2660760420950957,-0.24779731389167609,-0.7694837640638655
0.15565694755822945,-0.6518068971737893,1.2351003291746505,-0.21743351215413548,0.6831300510639733,2.151257068958563,-0.6059964013243635,-0.959497222838566,-0.41803980857497053,-0.11203705304599067,-0.9674709297958262,-0.6961771158887059,-0.9128709291752769,-0.27487370837451075,-0.529550073574993,-0.3617196725301613,-0.2660760420950957,-0.24779731389167609,-0.7694837640638655
-0.9425640818613493,-0.6518068971737893,-0.26643712774748696,-0.21743351215413548,0.6831300510639733,-0.4648444922875286,-0.6059964013243635,1.042212500669477,-0.41803980857497053,-0.11203705304599067,1.033622788243404,-0.6961771158887059,-0.9128709291752769,-0.27487370837451075,-0.529550073574993,-0.3617196725301613,-0.2660760420950957,-0.24779731389167609,1.2995725793078619
-0.06398725832568632,-0.3730206315038403,0.08686580329301595,-0.47369443719293797,0.6831300510639733,-0.4648444922875286,1.6501748159140361,-0.959497222838566,-0.41803980857497053,-0.11203705304599067,1.033622788243404,-0.6961771158887059,-0.9128709291752769,3.638034375544995,1.888395545390069,-0.3617196725301613,-0.2660760420950957,-0.24779731389167609,-0.7694837640638655
0.7047674622680189,-0.0942343658338914,0.8376345317540846,-0.9007959789242754,-1.4638501094227996,-0.4648444922875286,-0.6059964013243635,1.042212500669477,-0.41803980857497053,-0.11203705304599067,1.033622788243404,-0.6961771158887059,-0.9128709291752769,-0.27487370837451075,-0.529550073574993,-0.3617196725301613,-0.2660760420950957,-0.24779731389167609,-0.7694837640638655
-1.381852493629181,0.9093961905779246,1.2351003291746505,-0.21743351215413548,0.6831300510639733,-0.4648444922875286,-0.6059964013243635,-0.959497222838566,-0.41803980857497053,-0.11203705304599067,1.033622788243404,-0.6961771158887059,-0.9128709291752769,-0.27487370837451075,-0.529550073574993,2.7645717829090897,-0.2660760420950957,-0.24779731389167609,-0.7694837640638655
